# Credit Suisse (NYSE ADR, symbol CS), month-end closes in USD as published by companiesmarketcap.com.
# Source: https://companiesmarketcap.com/credit-suisse/stock-price-history/ , JavaScript array `data = [{"d":<unix seconds>,"v":<price>}, ...]`
#   in the page source. Retrieved 2026-10-02 with curl and a browser User-Agent. 340 rows, 1995-05 to 2023-08; values copied unchanged.
# What the numbers are (established from the values themselves and from the site's own pages, same day):
#  - From 2013-05 the values are plain closes (two decimals, later four).
#  - Before 2013-05 every value times 1.024 is an exact US price (eighths and sixteenths of a dollar until early 2001, cents after),
#    e.g. 21.118164 x 1.024 = 21.625. So the site divides earlier prices by 1.024 for what its stock-split page
#    (https://companiesmarketcap.com/credit-suisse/stock-splits/) lists as a 1.02439:1 split on 2013-05-01. That event is the
#    stock dividend for 2012: 1 new share for 41 held (42/41 = 1.02439), ex 30.4.2013, approved at the AGM of 26.4.2013
#    (Credit Suisse media release of 26.4.2013, archived at web.archive.org; Form 20-F 2012 p119 sets the ex-date).
#  - The site does not adjust for the rights issues of 2017 and 2022 (the plain closes run on unchanged across them).
#  - Until August 2001 one ADR was a quarter of a registered share: the NZZ registered price / 4 / DEXSZUS matches these values
#    (median ratio 0.998 after undoing the 1.024, 75 months 1995-05 to 2001-10). The ADR value does not move at the 4-for-1 split
#    of 15.8.2001, after which one ADR is one share (Form 20-F 2002: 'American Depositary Shares each represent one registered Group share').
#  - The rows after 2023-06 repeat the last price (0.8858): the shares were delisted after the UBS takeover of 12.6.2023.
# Used by data/src/nzz.ts for credit-suisse from 2001-11 on (see the spec there).
date,month,price_as_published
1995-05-31,1995-05,21.118164
1995-06-30,1995-06,22.460938
1995-07-31,1995-07,20.996094
1995-08-31,1995-08,20.019531
1995-09-29,1995-09,22.705078
1995-10-31,1995-10,24.536133
1995-11-30,1995-11,24.169922
1995-12-29,1995-12,25.146484
1996-01-31,1996-01,22.705078
1996-02-29,1996-02,23.681641
1996-03-29,1996-03,22.216797
1996-04-30,1996-04,22.460938
1996-05-31,1996-05,20.507813
1996-06-28,1996-06,23.437500
1996-07-31,1996-07,25.390625
1996-08-30,1996-08,26.245117
1996-09-30,1996-09,23.559570
1996-10-31,1996-10,24.780273
1996-11-29,1996-11,25.756836
1996-12-31,1996-12,24.536133
1997-01-31,1997-01,24.780273
1997-02-28,1997-02,25.756836
1997-03-31,1997-03,28.320313
1997-04-30,1997-04,27.099609
1997-05-30,1997-05,30.639648
1997-06-30,1997-06,31.127930
1997-07-31,1997-07,32.958984
1997-08-29,1997-08,29.907227
1997-09-30,1997-09,33.203125
1997-10-31,1997-10,34.790039
1997-11-28,1997-11,35.522461
1997-12-31,1997-12,37.963867
1998-01-30,1998-01,38.818359
1998-02-27,1998-02,44.311523
1998-03-31,1998-03,48.950195
1998-04-30,1998-04,53.955078
1998-05-29,1998-05,53.222656
1998-06-30,1998-06,54.565430
1998-07-31,1998-07,61.279297
1998-08-31,1998-08,40.893555
1998-09-30,1998-09,28.930664
1998-10-30,1998-10,38.818359
1998-11-30,1998-11,41.625977
1998-12-31,1998-12,37.719727
1999-01-29,1999-01,38.696289
1999-02-26,1999-02,37.841797
1999-03-31,1999-03,45.166016
1999-04-30,1999-04,47.119141
1999-05-28,1999-05,41.992188
1999-06-30,1999-06,41.992188
1999-07-30,1999-07,46.020508
1999-08-31,1999-08,45.898438
1999-09-30,1999-09,44.189453
1999-10-29,1999-10,46.386719
1999-11-30,1999-11,45.776367
1999-12-31,1999-12,48.095703
2000-01-31,2000-01,42.480469
2000-02-29,2000-02,39.550781
2000-03-31,2000-03,48.828125
2000-04-28,2000-04,44.433594
2000-05-31,2000-05,45.410156
2000-06-30,2000-06,49.072266
2000-07-31,2000-07,52.734375
2000-08-31,2000-08,51.025391
2000-09-29,2000-09,46.508789
2000-10-31,2000-10,46.264648
2000-11-30,2000-11,42.480469
2000-12-29,2000-12,46.630859
2001-01-31,2001-01,52.001953
2001-02-28,2001-02,44.342041
2001-03-30,2001-03,42.724609
2001-04-30,2001-04,45.048828
2001-05-31,2001-05,44.921875
2001-06-29,2001-06,40.722656
2001-07-31,2001-07,41.015625
2001-08-31,2001-08,41.015625
2001-09-28,2001-09,34.179688
2001-10-31,2001-10,35.351563
2001-11-30,2001-11,37.695313
2001-12-31,2001-12,41.650391
2002-01-31,2002-01,37.568359
2002-02-28,2002-02,34.101563
2002-03-28,2002-03,36.494141
2002-04-30,2002-04,34.882813
2002-05-31,2002-05,35.927734
2002-06-28,2002-06,30.761719
2002-07-31,2002-07,23.535156
2002-08-30,2002-08,22.695313
2002-09-30,2002-09,19.443359
2002-10-31,2002-10,18.359375
2002-11-29,2002-11,22.558594
2002-12-31,2002-12,20.781250
2003-01-31,2003-01,21.464844
2003-02-28,2003-02,18.164063
2003-03-31,2003-03,16.972656
2003-04-30,2003-04,23.339844
2003-05-30,2003-05,26.660156
2003-06-30,2003-06,25.703125
2003-07-31,2003-07,30.517578
2003-08-29,2003-08,30.732422
2003-09-30,2003-09,31.220703
2003-10-31,2003-10,34.453125
2003-11-28,2003-11,32.568359
2003-12-31,2003-12,35.478516
2004-01-30,2004-01,36.992188
2004-02-27,2004-02,35.771484
2004-03-31,2004-03,33.984375
2004-04-30,2004-04,34.140625
2004-05-28,2004-05,33.847656
2004-06-30,2004-06,34.970703
2004-07-30,2004-07,31.376953
2004-08-31,2004-08,30.527344
2004-09-30,2004-09,31.191406
2004-10-29,2004-10,33.466797
2004-11-30,2004-11,38.144531
2004-12-31,2004-12,41.201172
2005-01-31,2005-01,39.384766
2005-02-28,2005-02,42.480469
2005-03-31,2005-03,41.796875
2005-04-29,2005-04,41.132813
2005-05-31,2005-05,39.111328
2005-06-30,2005-06,38.222656
2005-07-29,2005-07,40.839844
2005-08-31,2005-08,42.597656
2005-09-30,2005-09,43.437500
2005-10-31,2005-10,43.271484
2005-11-30,2005-11,47.353516
2005-12-30,2005-12,49.755859
2006-01-31,2006-01,57.148438
2006-02-28,2006-02,54.003906
2006-03-31,2006-03,54.550781
2006-04-28,2006-04,59.365234
2006-05-31,2006-05,56.494141
2006-06-30,2006-06,54.677734
2006-07-31,2006-07,54.589844
2006-08-31,2006-08,54.589844
2006-09-29,2006-09,56.591797
2006-10-31,2006-10,59.062500
2006-11-30,2006-11,64.619141
2006-12-29,2006-12,68.212891
2007-01-31,2007-01,69.414063
2007-02-28,2007-02,67.636719
2007-03-30,2007-03,70.146484
2007-04-30,2007-04,76.660156
2007-05-31,2007-05,74.150391
2007-06-29,2007-06,69.296875
2007-07-31,2007-07,63.027344
2007-08-31,2007-08,64.101563
2007-09-28,2007-09,64.775391
2007-10-31,2007-10,66.113281
2007-11-30,2007-11,58.906250
2007-12-31,2007-12,58.691406
2008-01-31,2008-01,55.439453
2008-02-29,2008-02,47.773438
2008-03-31,2008-03,49.687500
2008-04-30,2008-04,52.099609
2008-05-30,2008-05,49.697266
2008-06-30,2008-06,44.248047
2008-07-31,2008-07,48.710938
2008-08-29,2008-08,45.292969
2008-09-30,2008-09,47.148438
2008-10-31,2008-10,36.523438
2008-11-28,2008-11,28.916016
2008-12-31,2008-12,27.597656
2009-01-30,2009-01,24.892578
2009-02-27,2009-02,23.593750
2009-03-31,2009-03,29.775391
2009-04-30,2009-04,37.382813
2009-05-29,2009-05,43.779297
2009-06-30,2009-06,44.658203
2009-07-31,2009-07,46.259766
2009-08-31,2009-08,49.697266
2009-09-30,2009-09,54.345703
2009-10-30,2009-10,52.050781
2009-11-30,2009-11,51.181641
2009-12-31,2009-12,48.007813
2010-01-29,2010-01,42.167969
2010-02-26,2010-02,43.554688
2010-03-31,2010-03,50.175781
2010-04-30,2010-04,44.628906
2010-05-28,2010-05,37.783203
2010-06-30,2010-06,36.552734
2010-07-30,2010-07,44.306641
2010-08-31,2010-08,42.851563
2010-09-30,2010-09,41.562500
2010-10-29,2010-10,40.527344
2010-11-30,2010-11,36.162109
2010-12-31,2010-12,39.462891
2011-01-31,2011-01,43.662109
2011-02-28,2011-02,45.146484
2011-03-31,2011-03,41.582031
2011-04-29,2011-04,44.423828
2011-05-31,2011-05,42.109375
2011-06-30,2011-06,38.105469
2011-07-29,2011-07,35.097656
2011-08-31,2011-08,28.027344
2011-09-30,2011-09,25.625000
2011-10-31,2011-10,28.291016
2011-11-30,2011-11,23.642578
2011-12-30,2011-12,22.929688
2012-01-31,2012-01,25.429688
2012-02-29,2012-02,26.191406
2012-03-30,2012-03,27.841797
2012-04-30,2012-04,22.763672
2012-05-31,2012-05,18.681641
2012-06-29,2012-06,17.900391
2012-07-31,2012-07,16.660156
2012-08-31,2012-08,18.808594
2012-09-28,2012-09,20.654297
2012-10-31,2012-10,22.792969
2012-11-30,2012-11,23.056641
2012-12-31,2012-12,23.984375
2013-01-31,2013-01,28.847656
2013-02-28,2013-02,26.132813
2013-03-28,2013-03,25.585938
2013-04-30,2013-04,28.105469
2013-05-31,2013-05,29.440001
2013-06-28,2013-06,26.459999
2013-07-31,2013-07,29.280001
2013-08-30,2013-08,28.860001
2013-09-30,2013-09,30.549999
2013-10-31,2013-10,31.129999
2013-11-29,2013-11,29.900000
2013-12-31,2013-12,31.040001
2014-01-31,2014-01,30.150000
2014-02-28,2014-02,31.370001
2014-03-31,2014-03,32.380001
2014-04-30,2014-04,31.670000
2014-05-30,2014-05,29.700001
2014-06-30,2014-06,28.370001
2014-07-31,2014-07,27.100000
2014-08-29,2014-08,28.240000
2014-09-30,2014-09,27.639999
2014-10-31,2014-10,26.639999
2014-11-28,2014-11,26.670000
2014-12-31,2014-12,25.080000
2015-01-30,2015-01,21.040001
2015-02-27,2015-02,24.340000
2015-03-31,2015-03,26.930000
2015-04-30,2015-04,25.770000
2015-05-29,2015-05,26.469999
2015-06-30,2015-06,27.600000
2015-07-31,2015-07,29.450001
2015-08-31,2015-08,26.889999
2015-09-30,2015-09,24.030001
2015-10-30,2015-10,25.000000
2015-11-30,2015-11,22.049999
2015-12-31,2015-12,21.690001
2016-01-29,2016-01,17.799999
2016-02-29,2016-02,13.330000
2016-03-31,2016-03,14.130000
2016-04-29,2016-04,15.210000
2016-05-31,2016-05,13.680000
2016-06-30,2016-06,10.700000
2016-07-29,2016-07,11.560000
2016-08-31,2016-08,13.040000
2016-09-30,2016-09,13.140000
2016-10-31,2016-10,13.900000
2016-11-30,2016-11,13.340000
2016-12-30,2016-12,14.310000
2017-01-31,2017-01,15.200000
2017-02-28,2017-02,15.090000
2017-03-31,2017-03,14.840000
2017-04-28,2017-04,15.260000
2017-05-31,2017-05,14.140000
2017-06-30,2017-06,14.600000
2017-07-31,2017-07,15.350000
2017-08-31,2017-08,14.640000
2017-09-29,2017-09,15.800000
2017-10-31,2017-10,15.720000
2017-11-30,2017-11,16.900000
2017-12-29,2017-12,17.850000
2018-01-31,2018-01,19.340000
2018-02-28,2018-02,18.360001
2018-03-29,2018-03,16.790001
2018-04-30,2018-04,16.770000
2018-05-31,2018-05,15.400000
2018-06-29,2018-06,14.880000
2018-07-31,2018-07,16.059999
2018-08-31,2018-08,14.950000
2018-09-28,2018-09,14.940000
2018-10-31,2018-10,12.930000
2018-11-30,2018-11,11.820000
2018-12-31,2018-12,10.860000
2019-01-31,2019-01,12.110000
2019-02-28,2019-02,12.310000
2019-03-29,2019-03,11.650000
2019-04-30,2019-04,13.300000
2019-05-31,2019-05,11.270000
2019-06-28,2019-06,11.970000
2019-07-31,2019-07,12.070000
2019-08-30,2019-08,11.680000
2019-09-30,2019-09,12.210000
2019-10-31,2019-10,12.380000
2019-11-29,2019-11,13.090000
2019-12-31,2019-12,13.450000
2020-01-31,2020-01,12.610000
2020-02-28,2020-02,11.280000
2020-03-31,2020-03,8.090000
2020-04-30,2020-04,9.040000
2020-05-29,2020-05,9.060000
2020-06-30,2020-06,10.310000
2020-07-31,2020-07,10.560000
2020-08-31,2020-08,10.970000
2020-09-30,2020-09,9.970000
2020-10-30,2020-10,9.410000
2020-11-30,2020-11,12.470000
2020-12-31,2020-12,12.800000
2021-01-29,2021-01,13.050000
2021-02-26,2021-02,14.450000
2021-03-31,2021-03,10.600000
2021-04-30,2021-04,10.570000
2021-05-28,2021-05,11.020000
2021-06-30,2021-06,10.490000
2021-07-30,2021-07,10.050000
2021-08-31,2021-08,10.570000
2021-09-30,2021-09,9.860000
2021-10-29,2021-10,10.310000
2021-11-30,2021-11,9.610000
2021-12-31,2021-12,9.640000
2022-01-31,2022-01,9.530000
2022-02-28,2022-02,8.280000
2022-03-31,2022-03,7.850000
2022-04-29,2022-04,6.700000
2022-05-31,2022-05,7.050000
2022-06-30,2022-06,5.670000
2022-07-29,2022-07,5.800000
2022-08-31,2022-08,5.160000
2022-09-30,2022-09,3.920000
2022-10-31,2022-10,4.120000
2022-11-30,2022-11,3.280000
2022-12-30,2022-12,3.040000
2023-01-31,2023-01,3.510000
2023-02-28,2023-02,3.070000
2023-03-31,2023-03,0.890000
2023-04-28,2023-04,0.8949
2023-05-29,2023-05,0.8731
2023-06-30,2023-06,0.8858
2023-07-31,2023-07,0.8858
2023-08-11,2023-08,0.8858
