# Independent second reading of month-end share prices from scanned NZZ issues, January 1983 to March 1984 (month ends). Raw quotes as printed, no adjustment.
# Source: NZZ issues kept outside git (data/manual/scans/nzz/NZZ_<issue date>.pdf), read on 2026-10-02 from the files; no number from memory. Read blind (without the first reading, nzz-readings-1983-1985.csv).
# Zurich (Vontobel & Co.) table is running text: Name Class (Vortag) prints... R prints...; no close column. price_as_printed = last print without forward-deal mark (t, tt, ttt, dt); a trailing L is taken as it stands (same rule as the first reading). Roche is not listed in the Zurich table (no Basel share table found).
# Foreign lists: Frankfurt Vortag/Schluss (DM); New York columns Vortag, Eroeffnung, Hoechst, Tiefst, Volumen, P/E, Schluss (last column used; fractions as decimals); Tokio Vortag/Schluss (yen).
# Classes: I bearer, N registered, PS participation certificate; SKA printed as one line "Inh. inkl. PS" / "Na. inkl. PS".
# method: eye = read in two separate crops (own double reading) or read once and agreeing with the first reading; see nzz-verify-1983a.md for the outcome per month.
series,month,quote_date,share_class,currency,price_as_printed,issue,page,method,note
swissair,1983-01,1983-01-31,I,CHF,770,1983-02-01,19,eye,"Zurich table, last print without t-mark; two crops"
swissair,1983-01,1983-01-31,N,CHF,636,1983-02-01,19,eye,"Zurich table, last print; two crops"
ubs,1983-01,1983-01-31,I,CHF,3210,1983-02-01,19,eye,SBG Inh.; two crops
ubs,1983-01,1983-01-31,N,CHF,575,1983-02-01,19,eye,two crops
ubs,1983-01,1983-01-31,PS,CHF,106.50,1983-02-01,19,eye,two crops
sbv,1983-01,1983-01-31,I,CHF,316,1983-02-01,19,eye,printed without class; two crops
sbv,1983-01,1983-01-31,N,CHF,241,1983-02-01,19,eye,two crops
sbv,1983-01,1983-01-31,PS,CHF,261,1983-02-01,19,eye,two crops
credit-suisse,1983-01,1983-01-31,I,CHF,1890,1983-02-01,19,eye,SKA Inh. inkl. PS; two crops
credit-suisse,1983-01,1983-01-31,N,CHF,357,1983-02-01,19,eye,SKA Na. inkl. PS; two crops
ciba-geigy,1983-01,1983-01-31,I,CHF,1690,1983-02-01,19,eye,two crops
ciba-geigy,1983-01,1983-01-31,N,CHF,715,1983-02-01,19,eye,last print without t-mark (718ttt follows); two crops
ciba-geigy,1983-01,1983-01-31,PS,CHF,1370,1983-02-01,19,eye,two crops
nestle,1983-01,1983-01-31,I,CHF,3880,1983-02-01,19,eye,two crops
nestle,1983-01,1983-01-31,N,CHF,2400,1983-02-01,19,eye,two crops
sandoz,1983-01,1983-01-31,I,CHF,4930,1983-02-01,19,eye,two crops
sandoz,1983-01,1983-01-31,N,CHF,1905,1983-02-01,19,eye,last print without t-mark (after R); two crops
sandoz,1983-01,1983-01-31,PS,CHF,720,1983-02-01,19,eye,two crops
bmw,1983-01,1983-01-31,,DEM,229,1983-02-01,22,eye,Frankfurt Schluss (Vortag 227); two crops
mercedes,1983-01,1983-01-31,,DEM,391,1983-02-01,22,eye,Daimler-Benz Frankfurt Schluss (Vortag 383); two crops
siemens,1983-01,1983-01-31,,DEM,257,1983-02-01,22,eye,Frankfurt Schluss (Vortag 250.30); two crops
ibm,1983-01,1983-01-31,,USD,98.875,1983-02-01,21,eye,New York Schluss (98 7/8); matches Yahoo ratio 4.18; two crops
slb,1983-01,1983-01-31,,USD,45.125,1983-02-01,21,eye,New York Schluss (45 1/8 = day low); two crops
swissair,1983-02,1983-02-28,I,CHF,802,1983-03-01,25,eye,"Zurich table, last print without t-mark; two crops"
swissair,1983-02,1983-02-28,N,CHF,668,1983-03-01,25,eye,last print; two crops
ubs,1983-02,1983-02-28,I,CHF,3220,1983-03-01,25,eye,"SBG Inh. (neue shares line separate, not used); two crops"
ubs,1983-02,1983-02-28,N,CHF,590,1983-03-01,25,eye,two crops
ubs,1983-02,1983-02-28,PS,CHF,113.50,1983-03-01,25,eye,two crops
sbv,1983-02,1983-02-28,I,CHF,323,1983-03-01,25,eye,printed without class; two crops
sbv,1983-02,1983-02-28,N,CHF,244,1983-03-01,25,eye,two crops
sbv,1983-02,1983-02-28,PS,CHF,271,1983-03-01,25,eye,two crops
credit-suisse,1983-02,1983-02-28,I,CHF,1980,1983-03-01,25,eye,SKA Inh. inkl. PS (neue line separate); two crops
credit-suisse,1983-02,1983-02-28,N,CHF,375,1983-03-01,25,eye,SKA Na. inkl. PS; two crops
ciba-geigy,1983-02,1983-02-28,I,CHF,1825,1983-03-01,25,eye,two crops
ciba-geigy,1983-02,1983-02-28,N,CHF,775,1983-03-01,25,eye,last print without t-mark (777ttt follows); two crops
ciba-geigy,1983-02,1983-02-28,PS,CHF,1465,1983-03-01,25,eye,two crops
nestle,1983-02,1983-02-28,I,CHF,3935,1983-03-01,25,eye,last print without t-mark (3935t follows); two crops
nestle,1983-02,1983-02-28,N,CHF,2460,1983-03-01,25,eye,two crops
sandoz,1983-02,1983-02-28,I,CHF,5075,1983-03-01,25,eye,two crops
sandoz,1983-02,1983-02-28,N,CHF,2010,1983-03-01,25,eye,last print without t-mark; two crops
sandoz,1983-02,1983-02-28,PS,CHF,790,1983-03-01,25,eye,two crops
bmw,1983-02,1983-02-28,,DEM,279.50,1983-03-01,28,eye,Frankfurt Schluss (Vortag 283); two crops
mercedes,1983-02,1983-02-28,,DEM,421.80,1983-03-01,28,eye,Daimler-Benz Frankfurt Schluss (Vortag 424); two crops
siemens,1983-02,1983-02-28,,DEM,275,1983-03-01,28,eye,Frankfurt Schluss (Vortag 279); two crops
ibm,1983-02,1983-02-28,,USD,99,1983-03-01,27,eye,New York Schluss; two crops
slb,1983-02,1983-02-28,,USD,39.125,1983-03-01,27,eye,New York Schluss (39 1/8 = day low); two crops
swissair,1983-03,1983-03-31,I,CHF,815,1983-04-02,19,eye,Kurse vom 31. Maerz (Thursday; 1 April Good Friday closed); last print without t-mark; two crops
swissair,1983-03,1983-03-31,N,CHF,675,1983-04-02,19,eye,two crops
ubs,1983-03,1983-03-31,I,CHF,3380,1983-04-02,19,eye,"SBG Inh. (neue line separate, not used); two crops"
ubs,1983-03,1983-03-31,N,CHF,615,1983-04-02,19,eye,two crops
ubs,1983-03,1983-03-31,PS,CHF,119,1983-04-02,19,eye,two crops
sbv,1983-03,1983-03-31,I,CHF,325,1983-04-02,19,eye,printed without class (ex-dividend marking on Vortag); two crops
sbv,1983-03,1983-03-31,N,CHF,241,1983-04-02,19,eye,two crops
sbv,1983-03,1983-03-31,PS,CHF,254,1983-04-02,19,eye,two crops
credit-suisse,1983-03,1983-03-31,I,CHF,1935,1983-04-02,19,eye,SKA Inh. inkl. PS; two crops
credit-suisse,1983-03,1983-03-31,N,CHF,359,1983-04-02,19,eye,"SKA Na. inkl. PS (last print 359L, previous 359); two crops"
ciba-geigy,1983-03,1983-03-31,I,CHF,1825,1983-04-02,19,eye,two crops
ciba-geigy,1983-03,1983-03-31,N,CHF,785,1983-04-02,19,eye,two crops
ciba-geigy,1983-03,1983-03-31,PS,CHF,1475,1983-04-02,19,eye,two crops
nestle,1983-03,1983-03-31,I,CHF,3960,1983-04-02,19,eye,last print before 'TZ 396' marker; two crops
sandoz,1983-03,1983-03-31,I,CHF,5325,1983-04-02,19,eye,two crops
sandoz,1983-03,1983-03-31,N,CHF,1980,1983-04-02,19,eye,last print without t-mark; two crops
sandoz,1983-03,1983-03-31,PS,CHF,774,1983-04-02,19,eye,two crops
bmw,1983-03,1983-03-31,,DEM,299,1983-04-02,22,eye,Frankfurt Schluss (Vortag 296); two crops
mercedes,1983-03,1983-03-31,,DEM,502.50,1983-04-02,22,eye,Daimler-Benz Frankfurt Schluss (Vortag 494); two crops
siemens,1983-03,1983-03-31,,DEM,329.50,1983-04-02,22,eye,Frankfurt Schluss (Vortag 322.50); two crops
ibm,1983-03,1983-03-31,,USD,101.75,1983-04-02,21,eye,New York Schluss (101 3/4); Yahoo ratio 4.18 ok; two crops
slb,1983-03,1983-03-31,,USD,42.75,1983-04-02,21,eye,New York Schluss (42 3/4); two crops
swissair,1983-04,1983-04-29,I,CHF,826,1983-04-30,27,eye,"Kurse vom 29. April (Friday, last trading day); last print without t-mark (822ttt before it); crop pass 1"
swissair,1983-04,1983-04-29,N,CHF,700,1983-04-30,27,eye,700t follows after R; last non-t print 700
ubs,1983-04,1983-04-29,I,CHF,3280,1983-04-30,27,eye,SBG Inh. (neue line separate)
ubs,1983-04,1983-04-29,N,CHF,615,1983-04-30,27,eye,
ubs,1983-04,1983-04-29,PS,CHF,119.50,1983-04-30,27,eye,last print before nothing: 120 R 119.50
sbv,1983-04,1983-04-29,I,CHF,320,1983-04-30,27,eye,printed without class
sbv,1983-04,1983-04-29,N,CHF,240,1983-04-30,27,eye,
sbv,1983-04,1983-04-29,PS,CHF,274,1983-04-30,27,eye,
credit-suisse,1983-04,1983-04-29,I,CHF,2060,1983-04-30,27,eye,SKA Inh. inkl. PS
credit-suisse,1983-04,1983-04-29,N,CHF,377,1983-04-30,27,eye,SKA Na. inkl. PS
ciba-geigy,1983-04,1983-04-29,I,CHF,2015,1983-04-30,27,eye,last print without t-mark (2015t follows)
ciba-geigy,1983-04,1983-04-29,N,CHF,854,1983-04-30,27,eye,last print without t-mark (853t follows)
ciba-geigy,1983-04,1983-04-29,PS,CHF,1650,1983-04-30,27,eye,1650ttt follows
nestle,1983-04,1983-04-29,I,CHF,4160,1983-04-30,27,eye,
nestle,1983-04,1983-04-29,N,CHF,2740,1983-04-30,27,eye,last print is 2740L (taken as stands); previous cash print 2750 after R
sandoz,1983-04,1983-04-29,I,CHF,5225,1983-04-30,27,eye,
sandoz,1983-04,1983-04-29,N,CHF,2100,1983-04-30,27,eye,
sandoz,1983-04,1983-04-29,PS,CHF,793,1983-04-30,27,eye,
bmw,1983-04,1983-04-29,,DEM,344.50,1983-04-30,30,eye,Frankfurt Schluss (Vortag 343)
mercedes,1983-04,1983-04-29,,DEM,537.80,1983-04-30,30,eye,Daimler-Benz Frankfurt Schluss (Vortag 538)
siemens,1983-04,1983-04-29,,DEM,364.50,1983-04-30,30,eye,Frankfurt Schluss (Vortag 362)
ibm,1983-04,1983-04-29,,USD,117.125,1983-04-30,29,eye,New York Schluss 117 1/8; Yahoo ratio 4.19
slb,1983-04,1983-04-29,,USD,45.25,1983-04-30,29,eye,New York Schluss 45 1/4
swissair,1983-05,1983-05-31,I,CHF,779,1983-06-01,25,eye,Kurse vom 31. Mai; last print without t-mark (after R: 779); crop pass 1
swissair,1983-05,1983-05-31,N,CHF,658,1983-06-01,25,eye,
ubs,1983-05,1983-05-31,I,CHF,3175,1983-06-01,25,eye,SBG Inh.
ubs,1983-05,1983-05-31,N,CHF,600,1983-06-01,25,eye,
ubs,1983-05,1983-05-31,PS,CHF,112,1983-06-01,25,eye,
sbv,1983-05,1983-05-31,I,CHF,311,1983-06-01,25,eye,printed without class
sbv,1983-05,1983-05-31,N,CHF,236,1983-06-01,25,eye,
sbv,1983-05,1983-05-31,PS,CHF,260,1983-06-01,25,eye,
credit-suisse,1983-05,1983-05-31,I,CHF,1970,1983-06-01,25,eye,SKA Inh. inkl. PS
credit-suisse,1983-05,1983-05-31,N,CHF,384,1983-06-01,25,eye,SKA Na. inkl. PS
ciba-geigy,1983-05,1983-05-31,I,CHF,1930,1983-06-01,25,eye,
ciba-geigy,1983-05,1983-05-31,N,CHF,796,1983-06-01,25,eye,
ciba-geigy,1983-05,1983-05-31,PS,CHF,1520,1983-06-01,25,eye,last print 1520L taken as stands
nestle,1983-05,1983-05-31,I,CHF,4015,1983-06-01,25,eye,
nestle,1983-05,1983-05-31,N,CHF,2545,1983-06-01,25,eye,2560tt follows (t-mark)
sandoz,1983-05,1983-05-31,I,CHF,4950,1983-06-01,25,eye,
sandoz,1983-05,1983-05-31,N,CHF,1930,1983-06-01,25,eye,1950ttt follows
sandoz,1983-05,1983-05-31,PS,CHF,790,1983-06-01,25,eye,last print 790L taken as stands
bmw,1983-05,1983-05-31,,DEM,324,1983-06-01,27,eye,Frankfurt Schluss (Vortag 329)
mercedes,1983-05,1983-05-31,,DEM,527,1983-06-01,27,eye,Daimler-Benz Frankfurt Schluss (Vortag 528)
siemens,1983-05,1983-05-31,,DEM,321,1983-06-01,27,eye,Frankfurt Schluss (Vortag 326)
ibm,1983-05,1983-05-31,,USD,111,1983-06-01,26,eye,New York Schluss (111; Vortag 113 1/8)
slb,1983-05,1983-05-31,,USD,48.375,1983-06-01,26,eye,New York Schluss 48 3/8
swissair,1983-06,1983-06-30,I,CHF,815,1983-07-01,23,eye,Kurse vom 30. Juni; 815L is last print (after R: 815)
swissair,1983-06,1983-06-30,N,CHF,695,1983-07-01,23,eye,
ubs,1983-06,1983-06-30,I,CHF,3190,1983-07-01,23,eye,SBG Inh.
ubs,1983-06,1983-06-30,PS,CHF,117.50,1983-07-01,23,eye,117.50L; SBG Na. not printed
sbv,1983-06,1983-06-30,I,CHF,313,1983-07-01,23,eye,printed without class
sbv,1983-06,1983-06-30,N,CHF,232,1983-07-01,23,eye,
sbv,1983-06,1983-06-30,PS,CHF,254,1983-07-01,23,eye,
credit-suisse,1983-06,1983-06-30,I,CHF,2040,1983-07-01,23,eye,SKA Inh. inkl. PS
credit-suisse,1983-06,1983-06-30,N,CHF,390,1983-07-01,23,eye,SKA Na. inkl. PS
ciba-geigy,1983-06,1983-06-30,I,CHF,2035,1983-07-01,23,eye,last non-t print
ciba-geigy,1983-06,1983-06-30,N,CHF,814,1983-07-01,23,eye,
ciba-geigy,1983-06,1983-06-30,PS,CHF,1600,1983-07-01,23,eye,1610tttL follows
nestle,1983-06,1983-06-30,I,CHF,4025,1983-07-01,23,eye,
nestle,1983-06,1983-06-30,N,CHF,2595,1983-07-01,23,eye,2620ttt follows
sandoz,1983-06,1983-06-30,I,CHF,5425,1983-07-01,23,eye,
sandoz,1983-06,1983-06-30,N,CHF,1970,1983-07-01,23,eye,
sandoz,1983-06,1983-06-30,PS,CHF,812,1983-07-01,23,eye,only non-t print; 810ttt 812ttt 820ttt follow
bmw,1983-06,1983-06-30,,DEM,384,1983-07-01,26,eye,Frankfurt Schluss (Vortag 377)
mercedes,1983-06,1983-06-30,,DEM,569,1983-07-01,26,eye,Daimler-Benz Frankfurt Schluss (Vortag 564)
siemens,1983-06,1983-06-30,,DEM,347,1983-07-01,26,eye,Frankfurt Schluss (Vortag 346.50)
ibm,1983-06,1983-06-30,,USD,120.25,1983-07-01,25,eye,New York Schluss 120 1/4
slb,1983-06,1983-06-30,,USD,54.375,1983-07-01,25,eye,New York Schluss 54 3/8
swissair,1983-07,1983-07-29,I,CHF,895,1983-07-30,19,eye,Kurse vom 29. Juli; last print without t-mark
swissair,1983-07,1983-07-29,N,CHF,740,1983-07-30,19,eye,
ubs,1983-07,1983-07-29,I,CHF,3285,1983-07-30,19,eye,SBG Inh.
ubs,1983-07,1983-07-29,N,CHF,617,1983-07-30,19,eye,
ubs,1983-07,1983-07-29,PS,CHF,118.50,1983-07-30,19,eye,
sbv,1983-07,1983-07-29,I,CHF,314,1983-07-30,19,eye,printed without class
sbv,1983-07,1983-07-29,N,CHF,237,1983-07-30,19,eye,
sbv,1983-07,1983-07-29,PS,CHF,265,1983-07-30,19,eye,
credit-suisse,1983-07,1983-07-29,I,CHF,2095,1983-07-30,19,eye,SKA Inh. inkl. PS
credit-suisse,1983-07,1983-07-29,N,CHF,399,1983-07-30,19,eye,SKA Na. inkl. PS
ciba-geigy,1983-07,1983-07-29,I,CHF,2045,1983-07-30,19,eye,
ciba-geigy,1983-07,1983-07-29,N,CHF,841,1983-07-30,19,eye,
ciba-geigy,1983-07,1983-07-29,PS,CHF,1660,1983-07-30,19,eye,
nestle,1983-07,1983-07-29,I,CHF,4060,1983-07-30,19,eye,last print is 4060 after R; earlier 4050L
nestle,1983-07,1983-07-29,N,CHF,2700,1983-07-30,19,eye,
sandoz,1983-07,1983-07-29,I,CHF,6400,1983-07-30,19,eye,
sandoz,1983-07,1983-07-29,N,CHF,2250,1983-07-30,19,eye,last non-t print (2260tt follows)
sandoz,1983-07,1983-07-29,PS,CHF,990,1983-07-30,19,eye,
bmw,1983-07,1983-07-29,,DEM,387,1983-07-30,22,eye,Frankfurt Schluss (Vortag 392)
mercedes,1983-07,1983-07-29,,DEM,602.50,1983-07-30,22,eye,Daimler-Benz Frankfurt Schluss (Vortag 607)
siemens,1983-07,1983-07-29,,DEM,361.50,1983-07-30,22,eye,Frankfurt Schluss (Vortag 364.50)
ibm,1983-07,1983-07-29,,USD,120,1983-07-30,21,eye,New York Schluss (120)
slb,1983-07,1983-07-29,,USD,53.75,1983-07-30,21,eye,New York Schluss 53 3/4
swissair,1983-08,1983-08-31,I,CHF,842,1983-09-01,23,eye,Kurse vom 31. August; last print without t-mark
swissair,1983-08,1983-08-31,N,CHF,705,1983-09-01,23,eye,
ubs,1983-08,1983-08-31,I,CHF,3200,1983-09-01,23,eye,SBG Inh.
ubs,1983-08,1983-08-31,N,CHF,605,1983-09-01,23,eye,
ubs,1983-08,1983-08-31,PS,CHF,116,1983-09-01,23,eye,
sbv,1983-08,1983-08-31,I,CHF,309,1983-09-01,23,eye,printed without class
sbv,1983-08,1983-08-31,N,CHF,236,1983-09-01,23,eye,
credit-suisse,1983-08,1983-08-31,I,CHF,2150,1983-09-01,23,eye,SKA Inh. inkl. PS; last print 2150L taken as stands
credit-suisse,1983-08,1983-08-31,N,CHF,400,1983-09-01,23,eye,SKA Na. inkl. PS
ciba-geigy,1983-08,1983-08-31,I,CHF,1995,1983-09-01,23,eye,
ciba-geigy,1983-08,1983-08-31,N,CHF,808,1983-09-01,23,eye,
ciba-geigy,1983-08,1983-08-31,PS,CHF,1610,1983-09-01,23,eye,1620ttt follows
nestle,1983-08,1983-08-31,I,CHF,3990,1983-09-01,23,eye,
nestle,1983-08,1983-08-31,N,CHF,2610,1983-09-01,23,eye,2620ttt before R
sandoz,1983-08,1983-08-31,I,CHF,5975,1983-09-01,23,eye,6000ttt follows
sandoz,1983-08,1983-08-31,N,CHF,2110,1983-09-01,23,eye,
sandoz,1983-08,1983-08-31,PS,CHF,970,1983-09-01,23,eye,970L taken as stands (965 before)
bmw,1983-08,1983-08-31,,DEM,376,1983-09-01,26,eye,Frankfurt Schluss (Vortag 377)
mercedes,1983-08,1983-08-31,,DEM,566,1983-09-01,26,eye,Daimler-Benz Frankfurt Schluss (Vortag 562.50)
siemens,1983-08,1983-08-31,,DEM,334,1983-09-01,26,eye,Frankfurt Schluss (Vortag 332.50)
ibm,1983-08,1983-08-31,,USD,119.25,1983-09-01,25,eye,New York Schluss 119 1/4
slb,1983-08,1983-08-31,,USD,57.25,1983-09-01,25,eye,New York Schluss 57 1/4
swissair,1983-09,1983-09-30,I,CHF,845,1983-10-01,25,eye,Kurse vom 30. September; last print without t-mark
swissair,1983-09,1983-09-30,N,CHF,736,1983-10-01,25,eye,
ubs,1983-09,1983-09-30,I,CHF,3140,1983-10-01,25,eye,SBG Inh.
ubs,1983-09,1983-09-30,N,CHF,595,1983-10-01,25,eye,
ubs,1983-09,1983-09-30,PS,CHF,112.50,1983-10-01,25,eye,
sbv,1983-09,1983-09-30,I,CHF,302,1983-10-01,25,eye,printed without class
sbv,1983-09,1983-09-30,N,CHF,232,1983-10-01,25,eye,
sbv,1983-09,1983-09-30,PS,CHF,252,1983-10-01,25,eye,
credit-suisse,1983-09,1983-09-30,I,CHF,2090,1983-10-01,25,eye,SKA Inh. inkl. PS
credit-suisse,1983-09,1983-09-30,N,CHF,405,1983-10-01,25,eye,SKA Na. inkl. PS
ciba-geigy,1983-09,1983-09-30,I,CHF,2000,1983-10-01,25,eye,
ciba-geigy,1983-09,1983-09-30,N,CHF,845,1983-10-01,25,eye,
ciba-geigy,1983-09,1983-09-30,PS,CHF,1625,1983-10-01,25,eye,1630ttt before R
nestle,1983-09,1983-09-30,I,CHF,3990,1983-10-01,25,eye,4010tt 4015ttt precede
nestle,1983-09,1983-09-30,N,CHF,2690,1983-10-01,25,eye,2715ttt follows R
sandoz,1983-09,1983-09-30,I,CHF,6525,1983-10-01,25,eye,
sandoz,1983-09,1983-09-30,N,CHF,2225,1983-10-01,25,eye,
sandoz,1983-09,1983-09-30,PS,CHF,990,1983-10-01,25,eye,
bmw,1983-09,1983-09-30,,DEM,381.50,1983-10-01,28,eye,Frankfurt Schluss (Vortag 382)
mercedes,1983-09,1983-09-30,,DEM,579.50,1983-10-01,28,eye,Daimler-Benz Frankfurt Schluss (Vortag 579)
siemens,1983-09,1983-09-30,,DEM,348,1983-10-01,28,eye,Frankfurt Schluss (Vortag 346.50)
ibm,1983-09,1983-09-30,,USD,126.875,1983-10-01,27,eye,New York Schluss 126 7/8
slb,1983-09,1983-09-30,,USD,54.625,1983-10-01,27,eye,New York Schluss 54 5/8
swissair,1983-10,1983-10-31,I,CHF,885,1983-11-01,21,eye,Kurse vom 31. Oktober; last print without t-mark
swissair,1983-10,1983-10-31,N,CHF,727,1983-11-01,21,eye,
ubs,1983-10,1983-10-31,I,CHF,3295,1983-11-01,21,eye,SBG Inh.; last print 3295L taken as stands (3300L before)
ubs,1983-10,1983-10-31,N,CHF,603,1983-11-01,21,eye,
ubs,1983-10,1983-10-31,PS,CHF,116,1983-11-01,21,eye,
sbv,1983-10,1983-10-31,I,CHF,302,1983-11-01,21,eye,printed without class
sbv,1983-10,1983-10-31,N,CHF,233,1983-11-01,21,eye,
sbv,1983-10,1983-10-31,PS,CHF,254,1983-11-01,21,eye,
credit-suisse,1983-10,1983-10-31,I,CHF,2130,1983-11-01,21,eye,SKA Inh. inkl. PS
credit-suisse,1983-10,1983-10-31,N,CHF,405,1983-11-01,21,eye,SKA Na. inkl. PS
ciba-geigy,1983-10,1983-10-31,I,CHF,2170,1983-11-01,21,eye,2185ttt before R
ciba-geigy,1983-10,1983-10-31,N,CHF,940,1983-11-01,21,eye,after R: 940 952ttt 948tt
ciba-geigy,1983-10,1983-10-31,PS,CHF,1735,1983-11-01,21,eye,
nestle,1983-10,1983-10-31,I,CHF,4160,1983-11-01,21,eye,
nestle,1983-10,1983-10-31,N,CHF,2760,1983-11-01,21,eye,last print 2760 after 2780ttt; TZ 272 follows
sandoz,1983-10,1983-10-31,I,CHF,7200,1983-11-01,21,eye,
sandoz,1983-10,1983-10-31,N,CHF,2450,1983-11-01,21,eye,2470ttt 2460tt after
sandoz,1983-10,1983-10-31,PS,CHF,1095,1983-11-01,21,eye,1095L taken as stands
bmw,1983-10,1983-10-31,,DEM,417.50,1983-11-01,24,eye,Frankfurt Schluss (Vortag 417.50)
mercedes,1983-10,1983-10-31,,DEM,671,1983-11-01,24,eye,Daimler-Benz Frankfurt Schluss (Vortag 671)
siemens,1983-10,1983-10-31,,DEM,385.50,1983-11-01,24,eye,Frankfurt Schluss (Vortag 384)
ibm,1983-10,1983-10-31,,USD,126.625,1983-11-01,23,eye,New York Schluss 126 5/8
slb,1983-10,1983-10-31,,USD,52.25,1983-11-01,23,eye,New York Schluss 52 1/4
swissair,1983-11,1983-11-30,I,CHF,920,1983-12-01,25,eye,Kurse vom 30. November; 920tt follows 920 after R; last non-t print 920
swissair,1983-11,1983-11-30,N,CHF,735,1983-12-01,25,eye,
ubs,1983-11,1983-11-30,I,CHF,3330,1983-12-01,25,eye,SBG Inh. (3325L R 3325 3330)
ubs,1983-11,1983-11-30,N,CHF,604,1983-12-01,25,eye,
ubs,1983-11,1983-11-30,PS,CHF,119,1983-12-01,25,eye,
sbv,1983-11,1983-11-30,I,CHF,310,1983-12-01,25,eye,printed without class
sbv,1983-11,1983-11-30,N,CHF,237,1983-12-01,25,eye,
sbv,1983-11,1983-11-30,PS,CHF,259,1983-12-01,25,eye,
credit-suisse,1983-11,1983-11-30,I,CHF,2190,1983-12-01,25,eye,SKA Inh. inkl. PS
credit-suisse,1983-11,1983-11-30,N,CHF,412,1983-12-01,25,eye,SKA Na. inkl. PS (only print)
ciba-geigy,1983-11,1983-11-30,I,CHF,2350,1983-12-01,25,eye,
ciba-geigy,1983-11,1983-11-30,N,CHF,982,1983-12-01,25,eye,
ciba-geigy,1983-11,1983-11-30,PS,CHF,1850,1983-12-01,25,eye,
nestle,1983-11,1983-11-30,I,CHF,4540,1983-12-01,25,eye,
nestle,1983-11,1983-11-30,N,CHF,2915,1983-12-01,25,eye,
sandoz,1983-11,1983-11-30,I,CHF,7500,1983-12-01,25,eye,
sandoz,1983-11,1983-11-30,N,CHF,2520,1983-12-01,25,eye,2520tt follows
sandoz,1983-11,1983-11-30,PS,CHF,1145,1983-12-01,25,eye,
bmw,1983-11,1983-11-30,,DEM,427,1983-12-01,27,eye,Frankfurt Schluss (Vortag 426)
mercedes,1983-11,1983-11-30,,DEM,707.50,1983-12-01,27,eye,Daimler-Benz Frankfurt Schluss (Vortag 706.50)
siemens,1983-11,1983-11-30,,DEM,382.50,1983-12-01,27,eye,Frankfurt Schluss (Vortag 380)
ibm,1983-11,1983-11-30,,USD,118,1983-12-01,26,eye,New York Schluss 118
slb,1983-11,1983-11-30,,USD,47.875,1983-12-01,26,eye,New York Schluss 47 7/8
bmw,1983-12,1983-12-29,,DEM,427,1983-12-31,22,eye,"Frankfurt column headed Vortag/Schluss, Schluss shows 'geschlossen' (30 Dec closed); Vortag value = close of 29 Dec taken, quote_date 1983-12-29"
mercedes,1983-12,1983-12-29,,DEM,651,1983-12-31,22,eye,"Daimler-Benz; Vortag column (Frankfurt closed 30 Dec), close of 29 Dec"
siemens,1983-12,1983-12-29,,DEM,383.50,1983-12-31,22,eye,"Vortag column (Frankfurt closed 30 Dec), close of 29 Dec"
ibm,1983-12,1983-12-30,,USD,122.75,1983-12-31,21,eye,New York Schluss 122 3/4 (quote date 30 Dec); quote_date column for Frankfurt rows is 1983-12-29
slb,1983-12,1983-12-30,,USD,50.125,1983-12-31,21,eye,New York Schluss 50 1/8
swissair,1984-01,1984-01-31,I,CHF,1050,1984-02-01,25,eye,From Jan 1984 later prints are abbreviated to trailing digits (e.g. 1045 50 R 50 60ttt 55 50); expanded; last print 1050
ubs,1984-01,1984-01-31,I,CHF,3555,1984-02-01,25,eye,SBG; prints 3550 45L 50 R 50 5 -> last '5' read as 3555 (abbreviated)
ubs,1984-01,1984-01-31,N,CHF,667,1984-02-01,25,eye,SBG Na.; 665 R 5 7 -> last '7' read as 667 (abbreviated)
sbv,1984-01,1984-01-31,I,CHF,340,1984-02-01,25,eye,340 39 40 39L 40 R 40
sbv,1984-01,1984-01-31,N,CHF,263,1984-02-01,25,eye,263 R 3
sbv,1984-01,1984-01-31,PS,CHF,292,1984-02-01,25,eye,292 R 2
credit-suisse,1984-01,1984-01-31,I,CHF,2325,1984-02-01,25,eye,SKA Inh. ink. PS: 2330 35L 30 R 25
credit-suisse,1984-01,1984-01-31,N,CHF,432,1984-02-01,25,eye,SKA Na. inkl. PS
ciba-geigy,1984-01,1984-01-31,I,CHF,2210,1984-02-01,25,eye,expanded abbreviated prints; last print 10 after 5L = 2210
ciba-geigy,1984-01,1984-01-31,N,CHF,980,1984-02-01,25,eye,last non-t non-dt print R 80 (980) before 90ttt 1060 dt 30ttt
ciba-geigy,1984-01,1984-01-31,PS,CHF,1835,1984-02-01,25,eye,1830 5 R 5
nestle,1984-01,1984-01-31,I,CHF,4910,1984-02-01,25,eye,prints 4920 10t 900t 900 20 30 R 20 10 then TZ 485
nestle,1984-01,1984-01-31,N,CHF,2930,1984-02-01,25,eye,last print 30 after 50ttt; 3050 dt ignored
sandoz,1984-01,1984-01-31,I,CHF,7200,1984-02-01,25,eye,7150 75 200
sandoz,1984-01,1984-01-31,N,CHF,2460,1984-02-01,25,eye,R 60L is last non-t print (2480ttt before)
sandoz,1984-01,1984-01-31,PS,CHF,1125,1984-02-01,25,eye,1125 20t tt 20 R 5tt t 5; last non-t print 5 = 1125
bmw,1984-01,1984-01-31,,DEM,447,1984-02-01,28,eye,Frankfurt Schluss (Vortag 447); Frankfurt list on page 28 in this issue
mercedes,1984-01,1984-01-31,,DEM,623.50,1984-02-01,28,eye,Daimler-Benz Schluss (Vortag 627)
siemens,1984-01,1984-01-31,,DEM,390.80,1984-02-01,28,eye,Frankfurt Schluss (Vortag 386)
ibm,1984-01,1984-01-31,,USD,114,1984-02-01,27,eye,New York Schluss 114 (Tages-Schluss column)
slb,1984-01,1984-01-31,,USD,46.5,1984-02-01,27,eye,"New York Tagesschluss 46 1/2 (Vortag 45 1/4); first read took Vortag, corrected on third look at 3x"
ubs,1984-01,1984-01-31,PS,CHF,125.50,1984-02-01,25,eye,"(126.5) 126 5.5 R 5.5 -> 125.5 (abbreviated prints); added after comparison, read in same crop"
swissair,1984-02,1984-02-29,I,CHF,1035,1984-03-01,23,eye,Kurse vom 29. Februar; prints abbreviated; ...30 5L read as 1035L (digit replaces last digit of previous print); L print taken as stands; convention flagged
swissair,1984-02,1984-02-29,N,CHF,810,1984-03-01,23,eye,...25 20tL 20 15 R 25L 20 10 -> 810; abbreviated
ubs,1984-02,1984-02-29,I,CHF,3480,1984-03-01,23,eye,SBG: 3500 490 480 485 75 80 R 80 -> 3480
ubs,1984-02,1984-02-29,N,CHF,655,1984-03-01,23,eye,660 R 55 -> 655
ubs,1984-02,1984-02-29,PS,CHF,124,1984-03-01,23,eye,125.5L 5 4.5 4 R 4 4.5 4 -> 124 (abbreviated)
sbv,1984-02,1984-02-29,I,CHF,340,1984-03-01,23,eye,342 1 2 1 R 1 40L -> 340L
sbv,1984-02,1984-02-29,N,CHF,261,1984-03-01,23,eye,262 1 2 R 1 2L 1 2L 1L 60 1 -> 261
sbv,1984-02,1984-02-29,PS,CHF,291,1984-03-01,23,eye,291 R 90 1 -> 291
credit-suisse,1984-02,1984-02-29,I,CHF,2330,1984-03-01,23,eye,SKA Inh. inkl. PS 2340 45L 40 R 30
credit-suisse,1984-02,1984-02-29,N,CHF,437,1984-03-01,23,eye,SKA Na. inkl. PS 440 36 R 7 -> 437
ciba-geigy,1984-02,1984-02-29,I,CHF,2265,1984-03-01,23,eye,2270 tt 80ttt 70 65 R 70tt 65 -> last non-t 65
ciba-geigy,1984-02,1984-02-29,N,CHF,980,1984-03-01,23,eye,last non-t print 80 after 85ttt (then tt 5ttt)
ciba-geigy,1984-02,1984-02-29,PS,CHF,1790,1984-03-01,23,eye,1790 800ttt 780 R 90 ttt tt -> R 90
nestle,1984-02,1984-02-29,I,CHF,4800,1984-03-01,23,eye,4850 40L t 30 20L R 20 10 800 -> 4800
nestle,1984-02,1984-02-29,N,CHF,2865,1984-03-01,23,eye,2870 65t 60 R 5L 90tttL 60 5L -> 2865L
sandoz,1984-02,1984-02-29,I,CHF,6900,1984-03-01,23,eye,6900 R 900 ttt
sandoz,1984-02,1984-02-29,N,CHF,2400,1984-03-01,23,eye,2410 400 R 400
sandoz,1984-02,1984-02-29,PS,CHF,1055,1984-03-01,23,eye,1050L 5 50ttt 5 -> 1055 (abbreviated)
bmw,1984-02,1984-02-29,,DEM,409,1984-03-01,26,eye,Frankfurt Schluss (Vortag 419)
mercedes,1984-02,1984-02-29,,DEM,575,1984-03-01,26,eye,Daimler-Benz Schluss (Vortag 573.50)
siemens,1984-02,1984-02-29,,DEM,397,1984-03-01,26,eye,Frankfurt Schluss (Vortag 399)
ibm,1984-02,1984-02-29,,USD,110.125,1984-03-01,25,eye,New York Tagesschluss 110 1/8
slb,1984-02,1984-02-29,,USD,48,1984-03-01,25,eye,New York Tagesschluss 48
swissair,1984-03,1984-03-30,I,CHF,1065,1984-03-31,25,eye,Kurse vom 30. Maerz (Fri); 1060 70 65 R 5 -> single digit replaces last digit of previous print = 1065 (convention flagged)
swissair,1984-03,1984-03-30,N,CHF,847,1984-03-31,25,eye,847 55ttt -> last non-t print 847
ubs,1984-03,1984-03-30,I,CHF,3480,1984-03-31,25,eye,SBG: 3460 70 75 80 R 75 80 -> 3480
sbv,1984-03,1984-03-30,I,CHF,340,1984-03-31,25,eye,338 7 8 9 40 R 40
sbv,1984-03,1984-03-30,N,CHF,262,1984-03-31,25,eye,(260) 259 8 9 8 9 60 59 60 1 2 1 R 1 2 -> 262
sbv,1984-03,1984-03-30,PS,CHF,283,1984-03-31,25,eye,280 1 R 2 3 -> 283
credit-suisse,1984-03,1984-03-30,I,CHF,2210,1984-03-31,25,eye,SKA Inh. inkl. PS: 2200 10 R 10
credit-suisse,1984-03,1984-03-30,N,CHF,425,1984-03-31,25,eye,SKA Na. inkl. PS: 420 2 R 5 -> 425 (abbreviated)
ciba-geigy,1984-03,1984-03-30,I,CHF,2230,1984-03-31,25,eye,2225 40tt R 30
ciba-geigy,1984-03,1984-03-30,N,CHF,985,1984-03-31,25,eye,983 93ttt 83 R 3 5 -> 985
ciba-geigy,1984-03,1984-03-30,PS,CHF,1730,1984-03-31,25,eye,1730 t 20L R 30 -> 1730
nestle,1984-03,1984-03-30,I,CHF,4950,1984-03-31,25,eye,4945 55tt 45 R 50L -> 4950L
sandoz,1984-03,1984-03-30,I,CHF,6775,1984-03-31,25,eye,6750 R 75
sandoz,1984-03,1984-03-30,N,CHF,2385,1984-03-31,25,eye,2385 R 420ttt -> last non-t print 2385
sandoz,1984-03,1984-03-30,PS,CHF,1025,1984-03-31,25,eye,1020 R 5 -> 1025
bmw,1984-03,1984-03-30,,DEM,412.50,1984-03-31,28,eye,Frankfurt Schluss (Vortag 412.50); quote date 30 March
mercedes,1984-03,1984-03-30,,DEM,556.50,1984-03-31,28,eye,Daimler-Benz Schluss (Vortag 557)
siemens,1984-03,1984-03-30,,DEM,395.50,1984-03-31,28,eye,Frankfurt Schluss (Vortag 403)
ibm,1984-03,1984-03-30,,USD,113.875,1984-03-31,27,eye,New York Tagesschluss 113 7/8
slb,1984-03,1984-03-30,,USD,52.875,1984-03-31,27,eye,New York Tagesschluss 52 7/8
