# Independent blind second reading of NZZ month-end prices April 1984 to May 1985, read by eye from the scanned issues (data/manual/scans/nzz/NZZ_<issue date>.pdf) on 2026-10-02.
# Read without looking at nzz-readings-1983-1985.csv for the month; compared afterwards (see nzz-verify-1984b.md). Raw quotes as printed, no adjustment, fractions as decimals.
# Same conventions as nzz-readings-1983-1985.csv: Zuerich (Vontobel) running text, price_as_printed = last print of the day without a t/tt/ttt/dt mark; 'R' starts the second session; abbreviated prints (e.g. '70' after 1070) completed from the line. 'L' = print concluded in the call, taken as it stands but flagged.
# Foreign lists: Frankfurt Vortag/Schluss (DM), Tokio Vortag/Schluss (JPY), New York columns Vortag, Hoch, Tief, Umsatz, P/E, Schluss (USD). When the header names the day after the month end the Vortag column was taken.
# page = printed page number of the issue. Roche: line 'Roche A' and '1/10' in the Vorboerse box of the Basel/Zuerich listing; not official closes.
series,month,quote_date,share_class,currency,price_as_printed,issue,page,method,note
swissair,1984-04,1984-04-30,I,CHF,1070,1984-05-02,25,eye,
swissair,1984-04,1984-04-30,N,CHF,865,1984-05-02,25,eye,"prints 865 870ttt 863 865 R 865 870ttt"
ubs,1984-04,1984-04-30,I,CHF,3545,1984-05-02,25,eye,
ubs,1984-04,1984-04-30,N,CHF,633,1984-05-02,25,eye,
ubs,1984-04,1984-04-30,PS,CHF,124.5,1984-05-02,25,eye,
sbv,1984-04,1984-04-30,I,CHF,344,1984-05-02,25,eye,"R 4 = 344"
sbv,1984-04,1984-04-30,N,CHF,263,1984-05-02,25,eye,
sbv,1984-04,1984-04-30,PS,CHF,278,1984-05-02,25,eye,"also a second PS line 'PS 1.1.85' (267) 268 R 7 = 267"
credit-suisse,1984-04,1984-04-30,I,CHF,2280,1984-05-02,25,eye,"Inh. inkl. PS"
credit-suisse,1984-04,1984-04-30,N,CHF,430,1984-05-02,25,eye,"Na. inkl. PS; last print 430L (L); previous print R 428"
ciba-geigy,1984-04,1984-04-30,I,CHF,2290,1984-05-02,25,eye,"R 90"
ciba-geigy,1984-04,1984-04-30,N,CHF,1035,1984-05-02,25,eye,"last print without t before 'dt 30ttt'"
ciba-geigy,1984-04,1984-04-30,PS,CHF,1765,1984-05-02,25,eye,
nestle,1984-04,1984-04-30,I,CHF,5295,1984-05-02,25,eye,
nestle,1984-04,1984-04-30,N,CHF,3180,1984-05-02,25,eye,"line ends '180 TZ 313'; TZ 313 not understood, not recorded"
sandoz,1984-04,1984-04-30,I,CHF,6750,1984-05-02,25,eye,
sandoz,1984-04,1984-04-30,N,CHF,2470,1984-05-02,25,eye,
sandoz,1984-04,1984-04-30,PS,CHF,1010,1984-05-02,25,eye,"last print 10L (L); previous 1030ttt"
bmw,1984-04,1984-04-30,,DEM,394,1984-05-02,28,eye,"Frankfurt closed 1 May; Vortag column = 30.4."
mercedes,1984-04,1984-04-30,,DEM,585,1984-05-02,28,eye,"Daimler-Benz; Vortag column = 30.4."
siemens,1984-04,1984-04-30,,DEM,399,1984-05-02,28,eye,"Vortag column = 30.4."
ibm,1984-04,1984-04-30,,USD,113.75,1984-05-02,27,eye,"NY list 'Kurse vom 1. Mai'; Vortag column; day's Schluss 116.875 is 1.5."
slb,1984-04,1984-04-30,,USD,54.5,1984-05-02,27,eye,"Vortag column"
roche,1984-04,1984-04-30,A,CHF,109500,1984-05-02,26,eye,"Vorboerse box; only print of the day (Vortag 109750)"
roche,1984-04,1984-04-30,GS,CHF,10400,1984-05-02,26,eye,"Vorboerse box; line printed as 1/10 (Vortag 10475), which is the Genussschein line GS of later months; last print of many"
swissair,1984-05,1984-05-30,I,CHF,946,1984-06-01,25,eye,"Zuerich table 'Kurse vom 30. Mai' (31.5. Ascension, closed); last print 946"
swissair,1984-05,1984-05-30,N,CHF,755,1984-06-01,25,eye,
ubs,1984-05,1984-05-30,I,CHF,3360,1984-06-01,25,eye,"R 60 50 60 55 60L 50 60"
ubs,1984-05,1984-05-30,N,CHF,610,1984-06-01,25,eye,
ubs,1984-05,1984-05-30,PS,CHF,119,1984-06-01,25,eye,
sbv,1984-05,1984-05-30,I,CHF,335,1984-06-01,25,eye,
sbv,1984-05,1984-05-30,N,CHF,254,1984-06-01,25,eye,
sbv,1984-05,1984-05-30,PS,CHF,267,1984-06-01,25,eye,"also line 'PS 85' (263) 257 R 7 = 257"
credit-suisse,1984-05,1984-05-30,I,CHF,2190,1984-06-01,25,eye,"Inh. inkl. PS; last print 90L (L)"
credit-suisse,1984-05,1984-05-30,N,CHF,415,1984-06-01,25,eye,"Na. inkl. PS"
ciba-geigy,1984-05,1984-05-30,I,CHF,2200,1984-06-01,25,eye,
ciba-geigy,1984-05,1984-05-30,N,CHF,965,1984-06-01,25,eye,"last non-t print after R 68tt 72ttt"
ciba-geigy,1984-05,1984-05-30,PS,CHF,1690,1984-06-01,25,eye,"R 5 90 5 90"
nestle,1984-05,1984-05-30,I,CHF,4940,1984-06-01,25,eye,"ex Anr. (subscription right); Vortag 5020 cum rights"
nestle,1984-05,1984-05-30,N,CHF,2955,1984-06-01,25,eye,"ex Anr.; Vortag 3015 cum rights; last print 55 after R 60tttL"
sandoz,1984-05,1984-05-30,I,CHF,6550,1984-06-01,25,eye,
sandoz,1984-05,1984-05-30,N,CHF,2340,1984-06-01,25,eye,
sandoz,1984-05,1984-05-30,PS,CHF,960,1984-06-01,25,eye,
roche,1984-05,1984-05-30,GS,CHF,9975,1984-06-01,26,eye,"Vorboerse box with Vortag (10000); a second Vorboerse box 'Roche TZ GS 10000 9975 10000L 50ttt 10000tt' gives 10000 as last non-t print; lower box used"
bmw,1984-05,1984-05-30,,DEM,383,1984-06-01,28,eye,"Frankfurt closed 31.5. (Ascension): Vortag = 30.5."
mercedes,1984-05,1984-05-30,,DEM,568.5,1984-06-01,28,eye,"Daimler-Benz; Vortag = 30.5."
siemens,1984-05,1984-05-30,,DEM,388,1984-06-01,28,eye,"Vortag = 30.5."
ibm,1984-05,1984-05-31,,USD,108,1984-06-01,27,eye,"NY list 'Kurse vom 31. Mai', Schluss 31.5. (Vortag 107.5)"
slb,1984-05,1984-05-31,,USD,47.75,1984-06-01,27,eye,"NY Schluss 31.5. (Vortag 47.875)"
swissair,1984-06,1984-06-29,I,CHF,945,1984-06-30,25,eye,"Zuerich table 'Kurse vom 29. Juni'; prints 935 940 945; single digit completes last digit"
swissair,1984-06,1984-06-29,N,CHF,765,1984-06-30,25,eye,"761 760tL 765 R 765"
ubs,1984-06,1984-06-29,I,CHF,3280,1984-06-30,25,eye,
ubs,1984-06,1984-06-29,N,CHF,613,1984-06-30,25,eye,"610 R 613"
ubs,1984-06,1984-06-29,PS,CHF,115.5,1984-06-30,25,eye,
sbv,1984-06,1984-06-29,I,CHF,326,1984-06-30,25,eye,"325 326 R 325 326"
sbv,1984-06,1984-06-29,N,CHF,248,1984-06-30,25,eye,
sbv,1984-06,1984-06-29,PS,CHF,260,1984-06-30,25,eye,"also PS 1.1.85 (246) 250"
credit-suisse,1984-06,1984-06-29,I,CHF,2060,1984-06-30,25,eye,"Inh. inkl. PS; 2065 60 65L R 60"
credit-suisse,1984-06,1984-06-29,N,CHF,405,1984-06-30,25,eye,"Na. inkl. PS; 406 5"
ciba-geigy,1984-06,1984-06-29,I,CHF,2185,1984-06-30,25,eye,
ciba-geigy,1984-06,1984-06-29,N,CHF,975,1984-06-30,25,eye,
ciba-geigy,1984-06,1984-06-29,PS,CHF,1685,1984-06-30,25,eye,"1690 1700tttL 1680 1685 R 1695ttt"
nestle,1984-06,1984-06-29,I,CHF,5050,1984-06-30,25,eye,
nestle,1984-06,1984-06-29,N,CHF,2935,1984-06-30,25,eye,
sandoz,1984-06,1984-06-29,I,CHF,6575,1984-06-30,25,eye,
sandoz,1984-06,1984-06-29,N,CHF,2360,1984-06-30,25,eye,
sandoz,1984-06,1984-06-29,PS,CHF,948,1984-06-30,25,eye,
roche,1984-06,1984-06-29,GS,CHF,9250,1984-06-30,26,eye,"Vorboerse box, last print (Vortag 9200)"
bmw,1984-06,1984-06-29,,DEM,399,1984-06-30,28,eye,"Frankfurt Schluss"
mercedes,1984-06,1984-06-29,,DEM,578.5,1984-06-30,28,eye,"Daimler-Benz Schluss"
siemens,1984-06,1984-06-29,,DEM,394.5,1984-06-30,28,eye,"Schluss"
ibm,1984-06,1984-06-29,,USD,105.75,1984-06-30,27,eye,"NY Schluss 29.6."
slb,1984-06,1984-06-29,,USD,45.25,1984-06-30,27,eye,"NY Schluss 29.6."
swissair,1984-07,1984-07-31,I,CHF,930,1984-08-02,19,eye,"Zuerich table 'Kurse vom 31. Juli' (1.8. holiday); last print 30 after R 932"
swissair,1984-07,1984-07-31,N,CHF,800,1984-08-02,19,eye,
ubs,1984-07,1984-07-31,I,CHF,3190,1984-08-02,19,eye,"R 90L (L)"
ubs,1984-07,1984-07-31,N,CHF,601,1984-08-02,19,eye,
ubs,1984-07,1984-07-31,PS,CHF,111.5,1984-08-02,19,eye,"R 1L then 1/2"
sbv,1984-07,1984-07-31,I,CHF,309,1984-08-02,19,eye,
sbv,1984-07,1984-07-31,N,CHF,245,1984-08-02,19,eye,
sbv,1984-07,1984-07-31,PS,CHF,256,1984-08-02,19,eye,"also PS 1.1.85 (245) 246 5 = 245"
credit-suisse,1984-07,1984-07-31,I,CHF,2070,1984-08-02,19,eye,"Inh. inkl. PS; R 70L (L)"
credit-suisse,1984-07,1984-07-31,N,CHF,398,1984-08-02,19,eye,"Na. inkl. PS; prints 400L 398L (L)"
ciba-geigy,1984-07,1984-07-31,I,CHF,2265,1984-08-02,19,eye,
ciba-geigy,1984-07,1984-07-31,N,CHF,1000,1984-08-02,19,eye,"R 1000L (L); then 1002tt 1007ttt 1003tt"
ciba-geigy,1984-07,1984-07-31,PS,CHF,1730,1984-08-02,19,eye,"R 30L (L)"
nestle,1984-07,1984-07-31,I,CHF,5110,1984-08-02,19,eye,"R 10 then 50ttt"
nestle,1984-07,1984-07-31,N,CHF,2965,1984-08-02,19,eye,"R 65 then 75tt"
sandoz,1984-07,1984-07-31,I,CHF,6825,1984-08-02,19,eye,"single print, no Vortag"
sandoz,1984-07,1984-07-31,N,CHF,2400,1984-08-02,19,eye,
sandoz,1984-07,1984-07-31,PS,CHF,1005,1984-08-02,19,eye,"R 08 15tttL 05"
roche,1984-07,1984-07-31,GS,CHF,9075,1984-08-02,20,eye,"Vorboerse line '1/10 (9100) 9075 50 100ttt 075tt 75'; the other Vorboerse box 'Roche TZ GS 9050' differs"
bmw,1984-07,1984-07-31,,DEM,366,1984-08-02,22,eye,"Kurse vom 1. August: Vortag column = 31.7."
mercedes,1984-07,1984-07-31,,DEM,539,1984-08-02,22,eye,"Daimler-Benz; Vortag = 31.7."
siemens,1984-07,1984-07-31,,DEM,367.8,1984-08-02,22,eye,"Vortag = 31.7."
ibm,1984-07,1984-07-31,,USD,110.625,1984-08-02,21,eye,"NY 'Kurse vom 1. August': Vortag = 31.7."
slb,1984-07,1984-07-31,,USD,39.625,1984-08-02,21,eye,"Vortag = 31.7."
swissair,1984-08,1984-08-31,I,CHF,975,1984-09-01,25,eye,"Zuerich 'Kurse vom 31. August'; 980 75"
swissair,1984-08,1984-08-31,N,CHF,825,1984-09-01,25,eye,"830 R 25L (L)"
ubs,1984-08,1984-08-31,I,CHF,3360,1984-09-01,25,eye,"3360 65 60 65L R 60"
ubs,1984-08,1984-08-31,N,CHF,618,1984-09-01,25,eye,"615 R 18"
ubs,1984-08,1984-08-31,PS,CHF,117,1984-09-01,25,eye,"117 R 17; abbreviated"
sbv,1984-08,1984-08-31,I,CHF,325,1984-09-01,25,eye,"322 3 4L 3 4 R 4 5"
sbv,1984-08,1984-08-31,N,CHF,246.5,1984-09-01,25,eye,"246.5 R 6.5"
sbv,1984-08,1984-08-31,PS,CHF,268,1984-09-01,25,eye,"268 R 68; also PS 1.1.85 line"
credit-suisse,1984-08,1984-08-31,I,CHF,2120,1984-09-01,25,eye,"Inh. inkl. PS; 2125 20 R 20"
credit-suisse,1984-08,1984-08-31,N,CHF,410,1984-09-01,25,eye,"Na. inkl. PS; 410L 08 R 10"
ciba-geigy,1984-08,1984-08-31,I,CHF,2440,1984-09-01,25,eye,
ciba-geigy,1984-08,1984-08-31,N,CHF,1059,1984-09-01,25,eye,"1058 1070ttt 59 57 59 R 59 1070ttt"
ciba-geigy,1984-08,1984-08-31,PS,CHF,1930,1984-09-01,25,eye,"R 30"
nestle,1984-08,1984-08-31,I,CHF,5460,1984-09-01,25,eye,"R 70 60 50 60"
nestle,1984-08,1984-08-31,N,CHF,3095,1984-09-01,25,eye,"3100L R 095"
sandoz,1984-08,1984-08-31,I,CHF,6950,1984-09-01,25,eye,
sandoz,1984-08,1984-08-31,N,CHF,2490,1984-09-01,25,eye,"R 90"
sandoz,1984-08,1984-08-31,PS,CHF,1125,1984-09-01,25,eye,"R 25"
roche,1984-08,1984-08-31,GS,CHF,9300,1984-09-01,26,eye,"Vorboerse: (9325) 9275 300"
bmw,1984-08,1984-08-31,,DEM,379,1984-09-01,28,eye,"Frankfurt Schluss"
mercedes,1984-08,1984-08-31,,DEM,540.2,1984-09-01,28,eye,"Daimler-Benz Schluss"
siemens,1984-08,1984-08-31,,DEM,404,1984-09-01,28,eye,"Schluss"
ibm,1984-08,1984-08-31,,USD,123.75,1984-09-01,27,eye,"NY Schluss"
slb,1984-08,1984-08-31,,USD,48.25,1984-09-01,27,eye,"NY Schluss"
swissair,1984-09,1984-09-28,I,CHF,975,1984-09-29,25,eye,"Zuerich 'Kurse vom 28. September'; 975 80L R 75"
swissair,1984-09,1984-09-28,N,CHF,837,1984-09-29,25,eye,"837 5t 8 7 R 7"
ubs,1984-09,1984-09-28,I,CHF,3440,1984-09-29,25,eye,"R 45 40"
ubs,1984-09,1984-09-28,N,CHF,645,1984-09-29,25,eye,"R 5"
ubs,1984-09,1984-09-28,PS,CHF,126,1984-09-29,25,eye,"last print 6L (L), preceded by 126.5 and 127"
sbv,1984-09,1984-09-28,I,CHF,344,1984-09-29,25,eye,"345 6L 5 4 R 4 5 4"
sbv,1984-09,1984-09-28,N,CHF,260,1984-09-29,25,eye,"R 60"
sbv,1984-09,1984-09-28,PS,CHF,287,1984-09-29,25,eye,"R 6 7; also PS 1.1.85 line"
credit-suisse,1984-09,1984-09-28,I,CHF,2250,1984-09-29,25,eye,"Inh. inkl. PS; R 50 40 45 50 55 50"
credit-suisse,1984-09,1984-09-28,N,CHF,421,1984-09-29,25,eye,"Na. inkl. PS; 420 2 4 R 2 1"
ciba-geigy,1984-09,1984-09-28,I,CHF,2495,1984-09-29,25,eye,"2495t R 95"
ciba-geigy,1984-09,1984-09-28,N,CHF,1074,1984-09-29,25,eye,"1072 80ttt 72t 4 2 t R 4"
ciba-geigy,1984-09,1984-09-28,PS,CHF,1950,1984-09-29,25,eye,"1945 R 50"
nestle,1984-09,1984-09-28,I,CHF,5295,1984-09-29,25,eye,"5285 ttt R 85 90 95 300ttt"
nestle,1984-09,1984-09-28,N,CHF,3025,1984-09-29,25,eye,"3020 50ttt 20L R 25 50ttt"
sandoz,1984-09,1984-09-28,N,CHF,2470,1984-09-29,25,eye,"2470 90ttt; Sandoz Inh. line absent"
sandoz,1984-09,1984-09-28,PS,CHF,1115,1984-09-29,25,eye,"R 5 then 20ttt 18tt"
roche,1984-09,1984-09-28,GS,CHF,9250,1984-09-29,26,eye,"Basel Vorboerse: GS (9225) 9250 325ttt 50; Zuerich Vorboerse box shows 9250 325ttt 250 225L"
bmw,1984-09,1984-09-28,,DEM,388,1984-09-29,28,eye,"Frankfurt Schluss (Vortag 396)"
mercedes,1984-09,1984-09-28,,DEM,590.5,1984-09-29,28,eye,"Daimler-Benz Schluss (Vortag 590.7)"
siemens,1984-09,1984-09-28,,DEM,436,1984-09-29,28,eye,"Schluss (Vortag 437.5)"
ibm,1984-09,1984-09-28,,USD,124,1984-09-29,27,eye,"NY Schluss"
slb,1984-09,1984-09-28,,USD,46,1984-09-29,27,eye,"NY Schluss"
swissair,1984-10,1984-10-31,I,CHF,1050,1984-11-01,25,eye,"Zuerich 'Kurse vom 31. Oktober'; 1020 22 20 R 15 20 50 dt 30ttt; last print without mark 1050 (jump from 1020, flagged)"
swissair,1984-10,1984-10-31,N,CHF,843,1984-11-01,25,eye,"843 5tt 50ttt R 45ttt; only the first print is unmarked"
ubs,1984-10,1984-10-31,I,CHF,3415,1984-11-01,25,eye,"...R 20 15 10 15"
ubs,1984-10,1984-10-31,N,CHF,650,1984-11-01,25,eye,"648 50"
ubs,1984-10,1984-10-31,PS,CHF,124.5,1984-11-01,25,eye,"124.5L 5 .5 R .5"
sbv,1984-10,1984-10-31,I,CHF,360,1984-11-01,25,eye,"R 60"
sbv,1984-10,1984-10-31,N,CHF,268,1984-11-01,25,eye,"R 7 8L (L)"
sbv,1984-10,1984-10-31,PS,CHF,294,1984-11-01,25,eye,"R 3 4L (L)"
credit-suisse,1984-10,1984-10-31,I,CHF,2290,1984-11-01,25,eye,"Inh. inkl. PS; R 90"
credit-suisse,1984-10,1984-10-31,N,CHF,432,1984-11-01,25,eye,"Na. inkl. PS; 433 R 4 2"
ciba-geigy,1984-10,1984-10-31,I,CHF,2550,1984-11-01,25,eye,"...40ttt 40 50L (L)"
ciba-geigy,1984-10,1984-10-31,N,CHF,1072,1984-11-01,25,eye,"1072 85tttL R 72"
ciba-geigy,1984-10,1984-10-31,PS,CHF,1965,1984-11-01,25,eye,"single print (Vortag 1960)"
nestle,1984-10,1984-10-31,I,CHF,5300,1984-11-01,25,eye,"5315 tt 300L 10 R 10 300"
nestle,1984-10,1984-10-31,N,CHF,3090,1984-11-01,25,eye,"3080 110ttt R 080 100tt 090L 85t; last unmarked 090L (L)"
sandoz,1984-10,1984-10-31,I,CHF,6975,1984-11-01,25,eye,"7025 R 6975"
sandoz,1984-10,1984-10-31,N,CHF,2485,1984-11-01,25,eye,"2480 500ttt R 485"
sandoz,1984-10,1984-10-31,PS,CHF,1100,1984-11-01,25,eye,"1095 99 100L 095 R 100"
roche,1984-10,1984-10-31,GS,CHF,9225,1984-11-01,26,eye,"Vorboerse: many Juli/Jan. forward-marked prints and a 9700 dt; last unmarked print 225 after 'Jan. 250 325Jan.' (low confidence)"
bmw,1984-10,1984-10-31,,DEM,380,1984-11-01,28,eye,"Frankfurt Schluss"
mercedes,1984-10,1984-10-31,,DEM,582.5,1984-11-01,28,eye,"Daimler-Benz Schluss"
siemens,1984-10,1984-10-31,,DEM,444,1984-11-01,28,eye,"Schluss"
ibm,1984-10,1984-10-31,,USD,124.625,1984-11-01,27,eye,"NY Schluss"
slb,1984-10,1984-10-31,,USD,41.875,1984-11-01,27,eye,"NY Schluss"
swissair,1984-11,1984-11-30,I,CHF,1018,1984-12-01,25,eye,"Zuerich 'Kurse vom 30. November'; (1027) 1025 22 20 R 5L 2 20 18; abbreviated prints completed from the line, low-medium confidence"
swissair,1984-11,1984-11-30,N,CHF,812,1984-12-01,25,eye,"(830) 820 5ttt 15 R 10 20tttL 11 10ttt 2; last unmarked print '2' completed to 812; low confidence"
ubs,1984-11,1984-11-30,I,CHF,3510,1984-12-01,25,eye,"R 500 10"
ubs,1984-11,1984-11-30,N,CHF,660,1984-12-01,25,eye,
ubs,1984-11,1984-11-30,PS,CHF,127.5,1984-12-01,25,eye,
sbv,1984-11,1984-11-30,I,CHF,356,1984-12-01,25,eye,"R 4 5 6 5 4 5 6"
sbv,1984-11,1984-11-30,N,CHF,270,1984-12-01,25,eye,"printed 'Nam.'"
sbv,1984-11,1984-11-30,PS,CHF,296,1984-12-01,25,eye,
credit-suisse,1984-11,1984-11-30,I,CHF,2295,1984-12-01,25,eye,"Inh. inkl. PS; R 90 95 completed to 2295"
credit-suisse,1984-11,1984-11-30,N,CHF,439,1984-12-01,25,eye,"Na. inkl. PS; R 9"
ciba-geigy,1984-11,1984-11-30,I,CHF,2455,1984-12-01,25,eye,
ciba-geigy,1984-11,1984-11-30,N,CHF,1070,1984-12-01,25,eye,"R 80ttt 68 70L; last print L"
ciba-geigy,1984-11,1984-11-30,PS,CHF,1960,1984-12-01,25,eye,
nestle,1984-11,1984-11-30,I,CHF,5330,1984-12-01,25,eye,"5320 25t R 25 30"
nestle,1984-11,1984-11-30,N,CHF,3200,1984-12-01,25,eye,"busy line; R 190 t 95 200L; last print 200L (L), low confidence"
sandoz,1984-11,1984-11-30,I,CHF,7250,1984-12-01,25,eye,"single print"
sandoz,1984-11,1984-11-30,N,CHF,2470,1984-12-01,25,eye,"2460 R 60 65 70"
sandoz,1984-11,1984-11-30,PS,CHF,1135,1984-12-01,25,eye,"1125 35L R 25 35"
roche,1984-11,1984-11-30,GS,CHF,8750,1984-12-01,26,eye,"Vorboerse: GS (8725) 8700 25 800Feb. 975Juli 700 25 50; last print 50 read as 8750, low confidence (Vortag 8725)"
bmw,1984-11,1984-11-30,,DEM,368,1984-12-01,28,eye,"Frankfurt Schluss 30.11. (Vortag 369)"
mercedes,1984-11,1984-11-30,,DEM,575,1984-12-01,28,eye,"Daimler-Benz Schluss (Vortag 569)"
siemens,1984-11,1984-11-30,,DEM,454.5,1984-12-01,28,eye,"Schluss (Vortag 453)"
ibm,1984-11,1984-11-30,,USD,121.125,1984-12-01,27,eye,"NY Schluss"
slb,1984-11,1984-11-30,,USD,38.5,1984-12-01,27,eye,"NY Schluss"
bmw,1984-12,1984-12-31,,DEM,372,1985-01-03,17,eye,"Frankfurt 'Kurse vom 2. Januar', VORTAG column = last 1984 trading day (28.12. or 31.12.; the exact day is not stated in the paper); Schluss column 376 is 2.1.1985; double-read in two crops; consistent with boerse.de December/November ratio"
mercedes,1984-12,1984-12-31,,DEM,592,1985-01-03,17,eye,"Daimler-Benz; Vortag column (see BMW); Schluss 2.1. = 600; double-read"
siemens,1984-12,1984-12-31,,DEM,473.5,1985-01-03,17,eye,"Vortag column (see BMW); Schluss 2.1. = 481; double-read"
ibm,1984-12,1984-12-31,,USD,123,1985-01-03,16,eye,"NY 'Kurse vom 2. Januar'; first price column after the name = Vortag = 31.12.1984 (Schluss 2.1. is a different day); 52-week and daily high/low columns consistent; Yahoo ratio 4.18"
slb,1984-12,1984-12-31,,USD,38.125,1985-01-03,16,eye,"NY 'Kurse vom 2. Januar' Vortag column = 31.12.1984; read at 5x; Yahoo 9.53125*4 = 38.125"
swissair,1985-01,1985-01-31,I,CHF,1130,1985-02-01,25,eye,"Zuerich 'Kurse vom 31. Januar'; (1120) 1125 30L 25 R 25 30L; last print 30L (L); also line 'Inh. neue 1090' not used"
swissair,1985-01,1985-01-31,N,CHF,892,1985-02-01,25,eye,"(890) 885 9 5 9 R 2 -> 892 completed from abbreviation"
ubs,1985-01,1985-01-31,I,CHF,3710,1985-02-01,25,eye,"3720 15 10 R 10"
ubs,1985-01,1985-01-31,N,CHF,690,1985-02-01,25,eye,"695 3 90 R 90"
ubs,1985-01,1985-01-31,PS,CHF,140,1985-02-01,25,eye,"139.5 9 R 40"
sbv,1985-01,1985-01-31,I,CHF,373,1985-02-01,25,eye,"373 2 R 3"
sbv,1985-01,1985-01-31,N,CHF,284,1985-02-01,25,eye,"(285.5) 285 4 R 4; the line 'Na. neue 274' not used"
sbv,1985-01,1985-01-31,PS,CHF,311,1985-02-01,25,eye,"(313) 310 1 R 1 completed to 311; the separate line 'PS 1.1.85 (300) ... R 300' not used"
credit-suisse,1985-01,1985-01-31,I,CHF,2440,1985-02-01,25,eye,"Inh. inkl. PS; 2435 40L 35 40L R 35 40"
credit-suisse,1985-01,1985-01-31,N,CHF,462,1985-02-01,25,eye,"Na. inkl. PS; (461) 462 60 R 2"
ciba-geigy,1985-01,1985-01-31,I,CHF,2800,1985-02-01,25,eye,"2800 795 800tt ttt 800 R 795 800"
ciba-geigy,1985-01,1985-01-31,N,CHF,1230,1985-02-01,25,eye,"1233 30t 50tttL 30tt R 30L; last print 30L (L)"
ciba-geigy,1985-01,1985-01-31,PS,CHF,2250,1985-02-01,25,eye,"2245 50L 45 50 R 50"
nestle,1985-01,1985-01-31,I,CHF,6140,1985-02-01,25,eye,"(6130) 6125 tt t 350 dt 200ttt 130 25 30 R 40 ttt; last unmarked R 40 = 6140"
nestle,1985-01,1985-01-31,N,CHF,3435,1985-02-01,25,eye,"(3435) 3440 5tt 60ttt 575 dt 50ttt 440 R 35"
nestle,1985-01,1985-01-31,PS,CHF,1000,1985-02-01,25,eye,"(990) 999 1000 999t 1000tt 10tttL R 05tt; last unmarked print 1000 (low confidence, almost all later prints marked)"
sandoz,1985-01,1985-01-31,I,CHF,7800,1985-02-01,25,eye,"single print"
sandoz,1985-01,1985-01-31,N,CHF,2725,1985-02-01,25,eye,"2740 35 R 25"
sandoz,1985-01,1985-01-31,PS,CHF,1330,1985-02-01,25,eye,"1310 tt 20ttt R 20 25 30"
roche,1985-01,1985-01-31,GS,CHF,9100,1985-02-01,26,eye,"Vorboerse: 'GS 91250 1000 TZ GS 9125 9150L 9150tt 9125 9100 9175ttt'; last unmarked print 9100 (low confidence; interpretation of the GS/TZ GS lines uncertain)"
bmw,1985-01,1985-01-31,,DEM,371,1985-02-01,28,eye,"Frankfurt Schluss 31.1. (Vortag 370)"
mercedes,1985-01,1985-01-31,,DEM,633.2,1985-02-01,28,eye,"Daimler-Benz Schluss (Vortag 633)"
siemens,1985-01,1985-01-31,,DEM,510.5,1985-02-01,28,eye,"Schluss (Vortag 501)"
ibm,1985-01,1985-01-31,,USD,136.375,1985-02-01,27,eye,"NY Schluss 31.1."
slb,1985-01,1985-01-31,,USD,39.875,1985-02-01,27,eye,"NY Schluss 31.1."
swissair,1985-02,1985-02-28,I,CHF,1165,1985-03-01,25,eye,"Zuerich 'Kurse vom 28. Februar'; 1170 65 70 R 65"
swissair,1985-02,1985-02-28,N,CHF,898,1985-03-01,25,eye,"898 R 8 (= 898)"
ubs,1985-02,1985-02-28,I,CHF,3650,1985-03-01,25,eye,"3670 80 70 80L R 70 65 60 50"
ubs,1985-02,1985-02-28,N,CHF,695,1985-03-01,25,eye,"692 5 R 5L; last print 5L (L)"
ubs,1985-02,1985-02-28,PS,CHF,135.5,1985-03-01,25,eye,"136.5 7 R 6.5 6 5.5"
sbv,1985-02,1985-02-28,I,CHF,368,1985-03-01,25,eye,"369 8 9 R 70L 69 8"
sbv,1985-02,1985-02-28,N,CHF,277,1985-03-01,25,eye,"279 8 R 7"
sbv,1985-02,1985-02-28,PS,CHF,305,1985-03-01,25,eye,"306 7 R 6 5; PS 1.1.85 line not used"
credit-suisse,1985-02,1985-02-28,I,CHF,2395,1985-03-01,25,eye,"Inh. inkl. PS; 2395 400L 390 R 90 5; Inh. neue line not used"
credit-suisse,1985-02,1985-02-28,N,CHF,467,1985-03-01,25,eye,"Na. inkl. PS; 467 6 R 5 6 7"
ciba-geigy,1985-02,1985-02-28,I,CHF,2890,1985-03-01,25,eye,"R 890"
ciba-geigy,1985-02,1985-02-28,N,CHF,1250,1985-03-01,25,eye,"1250 60ttt 55 50 3 R 50"
ciba-geigy,1985-02,1985-02-28,PS,CHF,2315,1985-03-01,25,eye,"R 15"
nestle,1985-02,1985-02-28,I,CHF,6325,1985-03-01,25,eye,"6350 40 35 R 25"
nestle,1985-02,1985-02-28,N,CHF,3370,1985-03-01,25,eye,"3370 400ttt 370 R 70"
nestle,1985-02,1985-02-28,PS,CHF,1105,1985-03-01,25,eye,"1105 15ttt R 05L; last print 05L (L)"
sandoz,1985-02,1985-02-28,I,CHF,7950,1985-03-01,25,eye,"7950 8000 R 7950"
sandoz,1985-02,1985-02-28,N,CHF,2710,1985-03-01,25,eye,"2710 40ttt 10 R 690 720ttt 700 10; last unmarked 10 = 2710"
sandoz,1985-02,1985-02-28,PS,CHF,1360,1985-03-01,25,eye,"1370 R 60"
roche,1985-02,1985-02-28,GS,CHF,8775,1985-03-01,26,eye,"Vorboerse 'TZ GS 8750 8775tt 8750t 8775 8750 8775L 8750 8775'; last print 8775 (the Roche A line shows 92500L)"
bmw,1985-02,1985-02-28,,DEM,383,1985-03-01,28,eye,"Frankfurt Schluss (Vortag 382)"
mercedes,1985-02,1985-02-28,,DEM,652.5,1985-03-01,28,eye,"Daimler-Benz Schluss (Vortag 652.5)"
siemens,1985-02,1985-02-28,,DEM,542,1985-03-01,28,eye,"Schluss (Vortag 542)"
ibm,1985-02,1985-02-28,,USD,134,1985-03-01,27,eye,"NY Schluss"
slb,1985-02,1985-02-28,,USD,42,1985-03-01,27,eye,"NY Schluss"
swissair,1985-03,1985-03-29,I,CHF,1115,1985-03-30,24,eye,"Zuerich 'Kurse vom 29. Maerz' (page 24 in this issue); 1120 10 20 30 20 15 R 15"
swissair,1985-03,1985-03-29,N,CHF,875,1985-03-30,24,eye,"881 80 R 70 80tt ttt 70 5; last print '5' completed to 875, medium confidence"
ubs,1985-03,1985-03-29,I,CHF,3660,1985-03-30,24,eye,"3670 R 60"
ubs,1985-03,1985-03-29,N,CHF,693,1985-03-30,24,eye,
ubs,1985-03,1985-03-29,PS,CHF,135,1985-03-30,24,eye,"135.5 R 5"
sbv,1985-03,1985-03-29,I,CHF,371,1985-03-30,24,eye,"373 2 R 2 1"
sbv,1985-03,1985-03-29,N,CHF,284.5,1985-03-30,24,eye,"284.5 R 5 4.5"
sbv,1985-03,1985-03-29,PS,CHF,316,1985-03-30,24,eye,"319 8 R 6; PS 1.1.85 line not used"
credit-suisse,1985-03,1985-03-29,I,CHF,2405,1985-03-30,24,eye,"Inh. inkl. PS; 2410 R 05"
credit-suisse,1985-03,1985-03-29,N,CHF,463,1985-03-30,24,eye,"Na. inkl. PS; single print"
ciba-geigy,1985-03,1985-03-29,I,CHF,2850,1985-03-30,24,eye,"...R 60 55 50"
ciba-geigy,1985-03,1985-03-29,N,CHF,1227,1985-03-30,24,eye,"...35ttt 40ttt 35tt R 27"
ciba-geigy,1985-03,1985-03-29,PS,CHF,2305,1985-03-30,24,eye,"...20ttt 300 305 20ttt 05 10 05"
nestle,1985-03,1985-03-29,I,CHF,6300,1985-03-30,24,eye,"...R 290 300"
nestle,1985-03,1985-03-29,N,CHF,3330,1985-03-30,24,eye,"...R 290 320ttt 300 10 20 30; last print '30' = 3330"
nestle,1985-03,1985-03-29,PS,CHF,1110,1985-03-30,24,eye,"...R 25 20 10 20L 10L; last print 10L (L)"
sandoz,1985-03,1985-03-29,I,CHF,7600,1985-03-30,24,eye,
sandoz,1985-03,1985-03-29,N,CHF,2730,1985-03-30,24,eye,"2690 700ttt 700 10 20 30 R 30"
sandoz,1985-03,1985-03-29,PS,CHF,1290,1985-03-30,24,eye,"1290 R 90 305ttt; last unmarked 90"
bmw,1985-03,1985-03-29,,DEM,375,1985-03-30,27,eye,"Frankfurt Schluss (Vortag 380); JdG print 378"
mercedes,1985-03,1985-03-29,,DEM,656,1985-03-30,27,eye,"Daimler-Benz Schluss (Vortag 661); JdG print 662"
siemens,1985-03,1985-03-29,,DEM,522,1985-03-30,27,eye,"Schluss (Vortag 526); JdG print 522"
slb,1985-03,1985-03-29,,USD,38.5,1985-03-30,26,eye,"NY Schluss"
swissair,1985-04,1985-04-30,I,CHF,1050,1985-05-02,27,eye,"Zuerich 'Kurse vom 30. April' (1.5. holiday); (1050) 1055 R 5 50"
swissair,1985-04,1985-04-30,N,CHF,890,1985-05-02,27,eye,"(890) 890 85 90 R 87 90 tt; last unmarked 90"
ubs,1985-04,1985-04-30,I,CHF,3700,1985-05-02,27,eye,"SBG; R 90 95 700"
ubs,1985-04,1985-04-30,N,CHF,670,1985-05-02,27,eye,"R 70"
ubs,1985-04,1985-04-30,PS,CHF,138,1985-05-02,27,eye,"(138.5) 138 .5 R 8 = 138; low-medium confidence (abbreviated)"
sbv,1985-04,1985-04-30,I,CHF,389,1985-05-02,27,eye,"R 89 90 89"
sbv,1985-04,1985-04-30,N,CHF,274.5,1985-05-02,27,eye,"R 4.5"
sbv,1985-04,1985-04-30,PS,CHF,328,1985-05-02,27,eye,"also in box 'Groesste Tagesgewinne/-verluste' Schlusskurs 328"
credit-suisse,1985-04,1985-04-30,I,CHF,2430,1985-05-02,27,eye,"Inh. inkl. PS; ... R 20 25 30"
credit-suisse,1985-04,1985-04-30,N,CHF,457,1985-05-02,27,eye,"Na. inkl. PS; (460) 457 60L 57"
ciba-geigy,1985-04,1985-04-30,I,CHF,3025,1985-05-02,27,eye,"also Schlusskurs 3025 in box 'Groesste Tagesgewinne/-verluste'"
ciba-geigy,1985-04,1985-04-30,N,CHF,1325,1985-05-02,27,eye,"(1329) 1320 ... R 1 3 5 30 5; abbreviated prints, low confidence"
ciba-geigy,1985-04,1985-04-30,PS,CHF,2360,1985-05-02,27,eye,"... 50 60 R 60"
nestle,1985-04,1985-04-30,I,CHF,6550,1985-05-02,27,eye,"(6550) 6580 ttt 90 80 70 60 50L; last print 50L (L)"
nestle,1985-04,1985-04-30,N,CHF,3425,1985-05-02,27,eye,"(3435) 3425 70ttt 40t 25 R 25"
nestle,1985-04,1985-04-30,PS,CHF,1270,1985-05-02,27,eye,"(1285) 1260 1260tt 75ttt 60 R 60 70 60 70"
sandoz,1985-04,1985-04-30,I,CHF,7800,1985-05-02,27,eye,"(7850) 7850 900ttt 825 800 R 800"
sandoz,1985-04,1985-04-30,N,CHF,2810,1985-05-02,27,eye,"(2810) 2810 800 790 800 R 10"
sandoz,1985-04,1985-04-30,PS,CHF,1395,1985-05-02,27,eye,"(1390) 1390 85 R 95"
bmw,1985-04,1985-04-30,,DEM,360,1985-05-02,30,eye,"Frankfurt closed 1.5.; list header 'Kurse vom 30. April bzw. 1. Mai'; Schluss column = 30.4. (Vortag 361)"
mercedes,1985-04,1985-04-30,,DEM,675,1985-05-02,30,eye,"Daimler-Benz Schluss (Vortag 679)"
siemens,1985-04,1985-04-30,,DEM,534.5,1985-05-02,30,eye,"Schluss (Vortag 540)"
ibm,1985-04,1985-04-30,,USD,126.375,1985-05-02,29,eye,"NY 'Kurse vom 1. Mai': Vortag column = 30.4. (126 3/8; day close 1.5. not used)"
slb,1985-04,1985-04-30,,USD,39.125,1985-05-02,29,eye,"NY Vortag column = 30.4."
swissair,1985-05,1985-05-31,I,CHF,1168,1985-06-01,25,eye,"Zuerich 'Kurse vom 31. Mai'; (1155) 1163 65 75ttt 65tt 66 R 8 70 69 8; last print '8' completed to 1168 (abbreviation, medium confidence)"
swissair,1985-05,1985-05-31,N,CHF,950,1985-06-01,25,eye,"(930) 935 40 5 R 5 50; last 50 = 950"
ubs,1985-05,1985-05-31,I,CHF,3870,1985-06-01,25,eye,"SBG (3875) 3880 70 60 70 R 70"
ubs,1985-05,1985-05-31,N,CHF,683,1985-06-01,25,eye,"(685) 683 4 5L R 3 completed"
ubs,1985-05,1985-05-31,PS,CHF,143.5,1985-06-01,25,eye,"(143.5) 143.5 R .5"
sbv,1985-05,1985-05-31,I,CHF,406,1985-06-01,25,eye,"(407) 406 5 R 6"
sbv,1985-05,1985-05-31,N,CHF,288,1985-06-01,25,eye,"(288) 288 R 8"
sbv,1985-05,1985-05-31,PS,CHF,349,1985-06-01,25,eye,"(348) 348 R 8 9"
credit-suisse,1985-05,1985-05-31,I,CHF,2600,1985-06-01,25,eye,"Inh. inkl. PS; (2605) 2600 595 90 R 600"
credit-suisse,1985-05,1985-05-31,N,CHF,487,1985-06-01,25,eye,"Na. inkl. PS; (485) 486 R 7"
ciba-geigy,1985-05,1985-05-31,I,CHF,3220,1985-06-01,25,eye,"(3200) 3225 30tt ttt 20 5 R 20"
ciba-geigy,1985-05,1985-05-31,N,CHF,1320,1985-06-01,25,eye,"(1320) 1320 35ttt 19 20 19 20 R t 20"
ciba-geigy,1985-05,1985-05-31,PS,CHF,2515,1985-06-01,25,eye,"(2505) 2510 15 25L 15 20 R 15 tt"
nestle,1985-05,1985-05-31,I,CHF,6330,1985-06-01,25,eye,"(6330) 6330 90ttt 30 R 30"
nestle,1985-05,1985-05-31,N,CHF,3330,1985-06-01,25,eye,"(3330) 3330 t 60tttL 35 R 30"
nestle,1985-05,1985-05-31,PS,CHF,1270,1985-06-01,25,eye,"(1310) 1300 t 290 80 5 80ttt R 80 70; last print 70"
sandoz,1985-05,1985-05-31,I,CHF,8300,1985-06-01,25,eye,"(8500) 8400 R 300"
sandoz,1985-05,1985-05-31,N,CHF,2840,1985-06-01,25,eye,"(2840) 2835 40 35 R 40"
sandoz,1985-05,1985-05-31,PS,CHF,1405,1985-06-01,25,eye,"(1430) 1400 R 5"
roche,1985-05,1985-05-31,GS,CHF,9025,1985-06-01,25,eye,"Vorboerse 'TZ GS (9075) 9025 9025tt 9000L 9025L 9000 9075ttt 9300 dt ... 9025L 9000Ltt'; last unmarked print 9025L (L); low confidence"
bmw,1985-05,1985-05-31,,DEM,385,1985-06-01,26,eye,"Frankfurt Schluss (Vortag 384)"
mercedes,1985-05,1985-05-31,,DEM,825,1985-06-01,26,eye,"Daimler-Benz Schluss 825; Vortag column prints 701; same jump in Dt. Bank (Vortag 433, Schluss 556); see verify note"
siemens,1985-05,1985-05-31,,DEM,563,1985-06-01,26,eye,"Schluss (Vortag 559)"
ibm,1985-05,1985-05-31,,USD,128.875,1985-06-01,28,eye,"NY Tagesschluss 128 7/8 (Vortag 128)"
slb,1985-05,1985-05-31,,USD,38,1985-06-01,28,eye,"NY Tagesschluss 38 (Vortag 38 1/8)"
ibm,1985-03,1985-03-29,,USD,126.875,1985-03-30,27,eye,"NY Tagesschluss 126 7/8 (Vortag 126 3/8); omitted in my first pass, read afterwards blind of the first file value"
