date,BETA0,BETA1,BETA2,BETA3,TAU1,TAU2
1974-12-31,7.16364826761056,8.82476431726235,-9.00966587787596,0,0.106877271479305,-999.99
1975-01-31,7.43856264513842,-0.734676096165116,-3.27883774108099,0,0.395973581898924,-999.99
1975-02-28,7.48647054681571,-0.996082234132902,-3.64988585156094,0,0.595021966064405,-999.99
1975-03-31,7.62244782937303,-1.2656085954667,-3.2312236522135,0,0.39672789773847,-999.99
1975-04-30,8.10621939983226,-0.999852286557622,-5.2256205103899,0,0.223269172898471,-999.99
1975-05-30,7.92569740443838,-2.78937302803221,-2.16430105406359,0,0.483897759962499,-999.99
1975-06-30,7.64416960937985,-1.55025788829776,1.43876599273486,0,1.70030900997919,-999.99
1975-07-31,7.60305863858913,-1.35229294813916,2.21932775838381,0,1.29386501065801,-999.99
1975-08-29,7.8907212945872,-1.35896030964673,1.46291452435787,0,1.15778697091001,-999.99
1975-09-30,8.09406649091421,-1.55065150523356,2.02723943136529,0,1.18805813112588,-999.99
1975-10-31,7.98050081914952,-2.03533590517031,-2.7141070160655,0,0.465828054243598,-999.99
1975-11-28,8.13992110662436,-2.68828415278851,0.59396305587326,0,1.01609335659175,-999.99
1975-12-31,7.93154068197816,-2.77666814956071,-0.684352016113738,0,0.821602305394144,-999.99
1976-01-30,8.00851545638295,-2.90199983244683,-4.11869548277928,0,0.483972692615214,-999.99
1976-02-27,7.75766711607094,-2.78832798958231,-1.73384537526729,0,0.468296126128687,-999.99
1976-03-31,7.76307539174908,-2.97516787038995,-0.0558297968324132,0,0.822032419428718,-999.99
1976-04-30,7.76142345504142,-2.92905174652376,0.000891339720219079,0,0.904693543833532,-999.99
1976-05-28,7.84618401994261,-2.4079232367679,1.00611147883482,0,0.863947862452247,-999.99
1976-06-30,7.88399206200327,-2.428415295866,-0.00328407849795894,0,0.932952679021379,-999.99
1976-07-30,7.95975335157024,-2.8148937431362,0.00229954712601895,0,1.09291495244767,-999.99
1976-08-31,7.92568003314503,-2.80935638338608,0.00174904380949738,0,1.38010993760233,-999.99
1976-09-30,8.00307323533122,-2.81785590833413,-0.0103649006345599,0,1.91677593679193,-999.99
1976-10-29,7.97364605235303,-3.0353578941521,0.00205846208515288,0,2.16683644836698,-999.99
1976-11-30,8.82650154959085,-4.20589204180419,-0.00882433966940597,0,4.94298678245661,-999.99
1976-12-31,7.3526263075886,-2.91434890228005,-1.49528016120591,0,1.40596868543494,-999.99
1977-01-31,7.59646262510438,-2.7610721889911,0.121925081627788,0,1.38976031707354,-999.99
1977-02-28,7.76340386063952,-3.10841687292788,0.0783707360490884,0,1.45947570006597,-999.99
1977-03-31,7.82331977861848,-3.17962575331149,-1.15238759889297,0,1.12443275039243,-999.99
1977-04-29,7.85499132829583,-3.15055786546189,0.00542663776464415,0,1.61580084600602,-999.99
1977-05-31,7.99856074712911,-2.73213782073652,-0.0200058689297838,0,2.46003749884045,-999.99
1977-06-30,7.87688025723072,-2.70443303224841,0.00276338983875694,0,2.63711505658254,-999.99
1977-07-29,7.70012721240572,-2.06099926169041,0.001445844336691,0,1.94527243413866,-999.99
1977-08-31,7.56027566524914,-1.66079109696022,0.00271087343007154,0,2.25626051355755,-999.99
1977-09-30,7.57193197344356,-1.29807649582279,0.000825964483780437,0,2.37420877295956,-999.99
1977-10-31,7.54795788762646,-1.05766260514854,0.00139596406688624,0,1.1767670270564,-999.99
1977-11-30,7.5848341782786,-1.09543174859919,0.00111977880821132,0,1.68748906633012,-999.99
1977-12-30,7.9373870325708,-1.35506227660538,0.00360212424544553,0,1.87911332035187,-999.99
1978-01-31,8.05803577250312,-1.21396274102463,3.59446550256508e-05,0,1.85036421169308,-999.99
1978-02-28,8.08148836230906,-1.31473234051067,-0.00136975315347977,0,1.31617892327478,-999.99
1978-03-31,8.07616178216657,-1.33258738556383,0.000641964334604952,0,0.936057812614036,-999.99
1978-04-28,8.0924999696583,-1.45783324227051,-0.000790925925378604,0,0.561732098362612,-999.99
1978-05-31,8.18916457702917,-1.46626869027425,-0.00183212331047435,0,0.285984119897474,-999.99
1978-06-30,8.3988773751169,-1.11954562365992,0.706995861396245,0,0.418415988998733,-999.99
1978-07-31,8.32469533633119,-1.6339921413202,1.19755224207588,0,0.301649037693502,-999.99
1978-08-31,8.16552265070033,-0.371446023278328,0.729216891105607,0,0.493159632286433,-999.99
1978-09-29,8.20464826561267,-0.175430889234833,2.0582218861779,0,0.24202862720732,-999.99
1978-10-31,8.56703692285229,-0.514108322897617,3.88310403190536,0,0.375073360220312,-999.99
1978-11-30,8.31337819971104,0.883846986117212,3.70022455982832,0,0.42522304854293,-999.99
1978-12-29,8.52562768797542,1.23291553343383,4.09053715556111,0,0.504935210186318,-999.99
1979-01-31,8.36874875641059,0.395483269354999,4.61216106100812,0,0.395489467919703,-999.99
1979-02-28,8.66060034736392,0.60104253694177,3.6279820903919,0,0.404844014926596,-999.99
1979-03-30,8.6221988936648,1.18715244338196,1.70072236354848,0,0.567373081344913,-999.99
1979-04-30,8.80350523532986,1.01053651045838,1.91110227711839,0,0.517198956866666,-999.99
1979-05-31,8.59739910876906,1.15972075737444,1.9905033447649,0,0.371681675029109,-999.99
1979-06-29,8.41907969799106,-0.121015993069206,3.74218274042182,0,0.141444128796274,-999.99
1979-07-31,8.59270024735526,0.0210509003871122,4.23914945310631,0,0.192686153845346,-999.99
1979-08-31,8.73579684636547,1.51259700728692,3.24436376739299,0,0.319535605370413,-999.99
1979-09-28,8.9002391768426,0.870374849607719,5.87274076000151,0,0.266802629673283,-999.99
1979-10-31,9.81908517425288,3.70691110283861,-0.951232121089975,0,1.58256985496919,-999.99
1979-11-30,10.0929780764418,2.32002801077827,-3.21354128818205,0,1.85383392608824,-999.99
1979-12-31,10.4221168138535,2.25777972564951,-4.59508631717812,0,2.19764639176584,-999.99
1980-01-31,11.759069838985,0.978591611262087,-621.863471392098,616.622402568183,2.49641697886437,2.49607578733749
1980-02-29,11.8414638918489,1.5287806326991,-616.983052039658,621.458310565973,1.15414700565815,1.14560252215464
1980-03-31,13.1967559289787,2.95323531719825,-621.939239900251,616.512203127049,1.77955845138514,1.76333401427945
1980-04-30,11.1437329277911,0.607420108082285,-621.469868213473,616.99201861397,1.58607237150333,1.5860986508638
1980-05-30,11.2632649880382,-3.43738648823635,-620.279587615819,618.150574576125,1.35739774827779,1.35098213182144
1980-06-30,24.9999999992338,-16.9968635311757,-631.190488014109,607.359408653079,6.20404195123311,6.05746680007721
1980-07-31,16.6433408049934,-8.3307330921697,-623.7040434267,614.75844862469,3.80554277390605,3.75557279124338
1980-08-29,19.598138127543,-8.93515001692896,-626.680123171482,611.824803108617,5.03501044339282,4.94229279249774
1980-09-30,12.9564058073489,-1.33595587171323,-620.623439298493,617.81684029051,2.21338303055509,2.20066870382968
1980-10-31,11.9021908623401,1.05837125577003,-617.981391642435,620.449581111558,0.378797426381679,0.378787325589661
1980-11-28,11.6655361067456,4.92284240021188,-619.347526984058,619.091741389815,0.655109116566161,0.656232272400262
1980-12-31,11.6578696003829,5.17578074401033,-621.719248770783,616.557975682359,0.83919864060837,0.842157986130804
1981-01-30,11.9034478912215,5.88809813817316,-620.860896946391,617.426597641105,0.533244835878817,0.533250231224772
1981-02-27,12.7321288852827,-6.18354564316804,-610.942229545399,627.382489720032,0.165944384694918,0.164656869620405
1981-03-31,12.8701161532154,-4.98196264000413,-614.31951698487,624.056114327877,0.101236399013917,0.100000610530266
1981-04-30,13.0969918020077,2.62911120924037,-619.405069875136,618.963111154913,0.784370425302647,0.785896868009996
1981-05-29,12.3175057737285,6.30513919294935,-620.326211942613,618.049179520606,0.514563407372008,0.517397823652564
1981-06-30,12.7929974775591,3.66717948400911,-619.711803445723,618.659942021492,0.516409427471365,0.518492602736156
1981-07-31,12.9750954085596,3.66972921517321,-618.561011522591,619.794027950443,1.02336132476984,1.02602884233385
1981-08-31,14.0754455931987,2.02590059533745,-617.978509400124,620.389116040027,1.06375346843197,1.06218526941187
1981-09-30,14.8091671483015,-0.354863631293164,-617.417806875743,620.951357772268,1.37553236831282,1.36962324793453
1981-10-30,13.8083362171237,0.346959206022677,-618.962231013829,619.398026601862,2.5591143467583,2.56306831996
1981-11-30,13.4683362138354,-3.23009042645616,-618.66958833445,619.676652574561,2.29377424846095,2.28307558480225
1981-12-31,13.5536193977412,-2.40956673332198,-617.672172173179,620.643077814851,0.633742566960219,0.632514242361163
1982-01-29,13.7127747439374,-0.416602262671019,-618.756931507827,619.522498196794,1.18962662369756,1.18793719595256
1982-02-26,14.552068152373,-1.50697302531278,-619.665421078146,618.612001494893,2.19232535582806,2.17914800080403
1982-03-31,12.7166240267591,1.09054628500354,-618.209303688659,620.062781984824,2.0133608069005,2.01498001014922
1982-04-30,12.7539138453654,0.106947592363071,-618.100012867282,620.16718419393,1.36576694987574,1.36525226896493
1982-05-28,13.0365891209582,-1.61676381486845,-618.136269489078,620.146038602784,0.725666388225635,0.725788877225584
1982-06-30,13.255120490559,0.132909118437375,-617.79193058951,620.492537019328,1.26272760656513,1.26240038314848
1982-07-30,13.1880285589979,-4.97007150953713,-617.314958728202,620.970732559709,0.292512132025873,0.292003778385493
1982-08-31,12.3424588448829,-6.57975795632135,-617.747386562066,620.534859392596,0.296573951012242,0.296577251792194
1982-09-30,11.7564646322829,-10.5626419437982,-617.103275699212,621.152694934726,0.153304457484609,0.152679829249144
1982-10-29,10.8510577703977,-7.09123240558782,-617.702929116545,620.693728748451,0.18948480744901,0.188005755286468
1982-11-30,10.9570728978074,-2.61929710319798,-618.530068251017,619.857450207478,1.55115223211123,1.55254821313311
1982-12-31,24.9999944867799,-16.9764289226541,-630.129074797945,608.399650704899,7.66951227201078,7.4333307736572
1983-01-31,24.9999999999987,-16.9231188704224,-629.303032776315,609.211718464529,7.74978540121429,7.52585294909454
1983-02-28,24.9999999999855,-17.1794948366212,-630.068844372977,608.45815145594,7.13855147153592,6.9339069717856
1983-03-31,24.9999912339602,-16.3672582966459,-630.204532139119,608.324420807851,8.23991124876551,8.01878778754337
1983-04-29,24.9999999999988,-16.907375685496,-630.319289558099,608.211864022195,8.73549786118662,8.48532883404066
1983-05-31,25,-16.4647907978301,-629.948942259344,608.576747512044,7.78002451068507,7.56092620555717
1983-06-30,24.999999999903,-16.0434712945614,-630.068532575763,608.459232800116,8.20197283440495,7.97682627484036
1983-07-29,11.9033507837739,-2.58936204781872,-618.501989833222,619.899251167673,1.75448329328218,1.75448544206629
1983-08-31,12.0836529630204,-2.7692724208636,-619.672676670723,618.724025832471,0.725815544156317,0.725792733194278
1983-09-30,11.506461916159,-2.75270161341969,-618.470484173149,619.923308305696,1.69005444808874,1.69124760429033
1983-10-31,11.8726303821185,-3.32133950898775,-618.503702324417,619.892744697523,1.67230813482225,1.67329026465431
1983-11-30,11.6206179989782,-2.65558911769187,-619.086200865813,619.314448720798,1.25845434572839,1.26061139597175
1983-12-30,11.8384934587271,-2.80541379793822,-618.567862037433,619.829427151614,1.62681377268652,1.62787105307015
1984-01-31,11.6681596927214,-2.62645746555301,-619.064983396544,619.338913022183,1.42817099854047,1.43070956814306
1984-02-29,11.9822027513617,-2.76907885046895,-618.591213338348,619.808366498045,1.63374610959769,1.63565587689472
1984-03-30,11.9021216892809,-1.99241035183856,-617.278943717578,621.1276984895,3.39706123934662,3.39451950950171
1984-04-30,12.2087562899746,-2.33340147130979,-617.153511167294,621.253068270647,3.05705561796152,3.05582424380057
1984-05-31,13.8543908366156,-5.12803182343713,-618.818503381643,619.587544373258,0.444700292984285,0.443206790904081
1984-06-29,13.6426921940918,-3.98358021586666,-618.211176587843,620.192145646229,0.779296513805926,0.778937667057362
1984-07-31,12.7482132383101,-2.89892310286917,-618.19070882244,620.213378039381,0.858137102856748,0.856885827970338
1984-08-31,12.3551766125698,-1.68625225189181,-618.178975540871,620.223032947506,1.23604586415639,1.2362789176843
1984-09-28,11.8583535930354,-1.62754183937558,-617.722867065103,620.680736498756,1.74327121347391,1.74340705761332
1984-10-31,11.5371520652995,-2.3394506819331,-618.092035330164,620.311627886438,1.63301550283011,1.63237751965761
1984-11-30,12.3039495352828,-4.02760068112201,-617.800657317979,620.595714815639,3.27752456482085,3.26134985480016
1984-12-31,11.7918247976354,-4.01670504042221,-617.738527919689,620.658422933538,2.16103623330076,2.15991631863393
1985-01-31,15.6786430344654,-7.76408982700088,-620.950492753062,617.469312504623,5.08127412495532,5.00972293373647
1985-02-28,14.6471666955294,-5.96171657729671,-619.436344664058,618.971153183131,4.65221130444208,4.60769265747973
1985-03-29,12.1287456338818,-3.87399877788663,-618.012572348985,620.386421527235,2.26667068931103,2.26295307512389
1985-04-30,12.3144021654493,-4.56520811794864,-618.169035125523,620.231784690412,2.49995809358843,2.49425919864001
1985-05-31,13.9559802976964,-7.06086309462608,-620.140270066477,618.272305995086,3.95963633038328,3.92037748887643
1985-06-28,25,-18.2765030140726,-629.208388570078,609.305188154374,7.15118510964767,6.92707942063751
1985-07-31,24.9764183989858,-17.7778892440165,-628.960609518203,609.546359946843,7.38186142402739,7.16190117931953
1985-08-30,15.669677620128,-8.92911626204853,-621.330012900345,617.076624078872,4.55631094415869,4.49288993173105
1985-09-30,14.8320052460003,-7.96404417966261,-620.76803906141,617.631720103595,4.11949474437094,4.07585590810941
1985-10-31,15.0441051871604,-7.96992655000383,-621.349636371048,617.059893227276,4.91168818124051,4.85984478059306
1985-11-29,11.4011382675084,-4.32960722624089,-618.992635190059,619.402604288286,3.92235160696914,3.9105486467981
1985-12-31,11.0816878703312,-3.90344681721631,-619.910287849618,618.4865004687,3.82743277082325,3.81948314812043
1986-01-31,10.6900943999974,-3.52927995727657,-619.675555099204,618.721131857463,3.1661850400914,3.16341010811801
1986-02-28,9.25905838144448,-2.16124862970769,-619.625293873338,618.76931119641,3.12434245847093,3.1177326834822
1986-03-31,7.99072353365456,-1.42159773841955,-619.190513292864,619.200480062292,3.07517738287191,3.07275644186927
1986-04-30,8.3377912565254,-2.24975188771107,-619.092388758867,619.298846784493,2.8921220581145,2.88571352216179
1986-05-30,9.00650178964191,-3.00998196176717,-618.466351742102,619.921413488891,2.75715730510485,2.74918614913727
1986-06-30,8.42003693774172,-2.47246782349773,-618.842934310062,619.545892963062,2.87742081110475,2.87188746235639
1986-07-31,8.83109142946052,-3.01900122819308,-619.481548247761,618.907863811755,2.59987749563997,2.59695779094003
1986-08-29,8.61388912769966,-3.62290239573834,-619.627539024648,618.760993391828,2.60464472174611,2.60116176894645
1986-09-30,9.12964799049905,-3.9444531538641,-619.378440172297,619.004977734412,2.55107095776497,2.54719184212704
1986-10-31,8.9260983836957,-3.73089378134496,-619.873829946764,618.512684181013,2.22199866214494,2.2193667983351
1986-11-28,8.74053236711344,-3.3771534567956,-620.225751056098,618.161202392747,2.05136208258521,2.04887100040619
1986-12-31,8.83120746692837,-3.06608111690874,-620.419588648816,617.966088008921,2.01243670642527,2.00868957158578
1987-01-30,8.65626336775418,-2.99388202765283,-620.335483619198,618.050322534325,2.07750199259495,2.07480686888729
1987-02-27,8.52484373628257,-2.91049357608148,-620.216079410732,618.173380955007,1.9343133747812,1.93042169880024
1987-03-31,8.72347713431569,-2.87316686115828,-620.177287915924,618.212374334057,1.8794478781283,1.87623626048767
1987-04-30,8.96751258770388,-3.64106296177053,-619.179601545333,619.215064338532,1.00481137078025,1.00086501961698
1987-05-29,9.16885516940665,-3.31905871865317,-619.058563140883,619.33725030683,1.26094950278387,1.25706646592619
1987-06-30,9.15260859049321,-3.01162748496582,-619.511427970572,618.882849706885,1.49388728236984,1.4919852787826
1987-07-31,9.584665381103,-3.54821238656519,-619.394180603171,619.000583835066,1.76970079743953,1.7671486955682
1987-08-31,9.75872053432395,-3.46456407626144,-619.327123743754,619.067508709389,1.60547151228361,1.60306681038788
1987-09-30,10.2766784036509,-3.69356206794431,-619.123155156842,619.272252090386,1.33827557038496,1.33558418136664
1987-10-30,9.46922289244218,-3.93549061009202,-619.700987378683,618.698783078932,0.783910763344549,0.782135936947498
1987-11-30,9.65628239026949,-3.95952252733074,-619.699077976845,618.700639150405,0.924802307207433,0.922552775895361
1987-12-31,6.64460974854901,-1.70506053951821,2.86121270708556,8.04018995137475,0.456226059354448,8.46221334745862
1988-01-29,0.420851790440715,5.70614192207145,4.86746235186205,24.6626510044954,1.64042677953455,10.6797998206728
1988-02-29,1.06061103987312,4.79921015840396,4.99451499828449,22.8302340131179,1.50940382908013,10.8568911134696
1988-03-31,5.15271073001674,0.609623978980046,2.62875872533497,12.33811819085,0.898588008421086,9.53778600714216
1988-04-29,0.861670687040755,5.20622053022712,6.15686214210072,25.485104363059,1.50989877893375,10.8834078406906
1988-05-31,6.17210610210203,-0.0490450017985169,3.45620302558132,10.6154234722547,0.786064120752048,9.70091550822925
1988-06-30,5.95077263668195,0.158736365227149,3.49859052482722,10.0157500717526,0.782456392840071,9.8898554910847
1988-07-29,0.480411708325899,6.56756604559781,6.96117663861739,26.9448318872743,1.45356685698112,10.9849056015094
1988-08-31,6.29261870983389,1.10200824524912,3.23208632656691,9.67874321293387,0.960477458244266,10.2150831636625
1988-09-30,6.84058987957378,0.466536225876612,2.44642839148805,6.9913544630294,0.790928423278427,10.6632497414977
1988-10-31,5.48100697426123,1.74250393162833,3.46743747346568,10.3589609175189,0.886171291208248,10.0347734449834
1988-11-30,7.37471115983989,0.500440972404789,2.42536269350453,5.22925258283529,0.708452988741435,9.36965712440748
1988-12-30,8.19497098586446,-0.63622170652991,2.79047439854321,2.43505334012262,0.40176366415103,5.15489404997537
1989-01-31,8.07384928112986,0.523304200815341,1.35626847599084,2.10543839051424,0.681305262826083,4.97868314742
1989-02-28,8.40202978187004,0.385623051223365,2.05088205287379,2.063504791105,0.579837930303384,4.47841281663493
1989-03-31,8.57163180600989,0.0627485561549778,2.7537869803202,1.63975220967773,0.459307436285326,2.50509761986649
1989-04-28,7.99214591985466,0.664797302342213,2.08523893849152,2.49635053394738,0.618409418596956,6.44285343100374
1989-05-31,8.28136278737163,0.537880387030534,0.944972239403564,0.592424176873714,0.393675934741858,4.84574005406243
1989-06-30,7.03436518135284,1.05453410767018,1.7898304555544,3.19862340300381,0.394435642358901,7.00824138923831
1989-07-31,6.47179088480316,1.66073924222266,0.854219695254315,4.61680470731427,0.499033819733318,10.7165688636698
1989-08-31,7.80582317071076,0.0925651547053678,1.2945713757139,1.09109979424009,0.41985678677044,6.42586231391537
1989-09-29,7.91233205615963,-0.203617616029844,1.88237925830782,0.99897120481291,0.256994088269373,4.85444539292231
1989-10-31,7.31129732694404,0.540493056955355,1.48065249920482,1.91111615495662,0.220128305129697,7.41286392127499
1989-11-30,8.72881707072953,-0.67587124783423,-1.96785090440248,-2.44801974452221,1.20957983403832,11.383559859944
1989-12-29,8.17333449830604,-0.130607476846578,-1.05996650148794,-0.779454963171142,1.33487063884527,29.9999999999975
1990-01-31,8.42283667532262,-0.219445901841974,-2.21631022059141,1.51308995838945,0.711609369023127,0.712160110240745
1990-02-28,8.51636535667737,-1.3869593563596,0.295891784219262,2.32800703169742,0.708307854275091,0.100000000002687
1990-03-30,8.55062278811665,-0.983167047419792,0.972298249257007,1.4566179496922,1.03506100490108,0.100000003325604
1990-04-30,8.93282565258524,-1.09213196084271,0.925972903798172,0.679370588749704,0.965877560989906,0.100000000000023
1990-05-31,8.49711497606392,-0.214052298555847,0.527109287869531,-0.954988165698664,2.33525236073987,0.398407573232079
1990-06-29,8.18185296552881,-0.288719585931354,1.11733590290735,-0.31496238022944,4.768811095016,0.18836922768669
1990-07-31,0.285899427922808,7.33344882714278,12.9979075942193,-0.14122097365158,24.4358420631562,0.430270100588614
1990-08-31,7.20068177647139e-05,7.78017700771761,15.6524510824209,-0.51705155247865,21.4264298096741,0.403869034254669
1990-09-28,0.20289166467986,7.27870500997766,15.3581934327706,0.590679226638705,20.4368629765429,6.09766313991566
1990-10-31,2.84144211884186e-11,7.26906288067383,15.2877083082094,1.00928121309351,19.5482790716287,19.5846248922043
1990-11-30,1.77916790715036e-11,7.14648214669318,14.6313625726602,0.339634798919629,21.213727934333,21.6897540227811
1990-12-31,0.862967977760524,5.79563626557749,12.0548719658176,3.86792775643338,15.0552806547996,29.9999998679291
1991-01-31,4.39316530346043,1.85872638424301,1.70604690020872,11.9021933942497,2.21254355825382,11.2778100407368
1991-02-28,2.36297176754039e-14,6.00855459023449,5.19154055422889,22.7711619045021,3.29301209547859,15.2925728298528
1991-03-28,0.00109596921533872,5.6465914017235,6.84123502353296,23.0127763965576,2.91895265530332,15.5892799441451
1991-04-30,4.88779791020935,0.547133860240148,2.63831600220166,10.4618555435407,2.01018055033134,10.8835014821259
1991-05-31,6.61774844572672,-1.21735267922044,0.131424225408358,6.26882714810167,0.949694411908744,8.85570033244859
1991-06-28,7.07719420724335,-1.68604629035723,0.000174284594824615,5.39717687214441,0.969392558918526,8.1597093627692
1991-07-31,3.41753540709532,2.07101434897865,5.87637396430334,12.8735324595378,4.00789599891633,18.5106425539556
1991-08-30,2.32087832680857,2.87424147536947,9.11641779950037,11.6734504624234,6.69786601235575,29.9999999999994
1991-09-30,1.97937330084859,2.99475512470695,8.06081663061428,13.5362568114283,6.59842299905333,29.9999999999994
1991-10-31,2.2949741994253,2.36748809763916,11.9671853960871,6.03434133226254,9.73755277430071,29.9999999794886
1991-11-29,16.8471287670118,-12.6395935675115,29.4172132208725,-42.6746424758786,12.2827639329361,20.6390539562473
1991-12-31,21.6915928077815,-18.1417862090499,57.5427804868681,-78.8916858490386,11.6094688066815,15.6387171668591
1992-01-31,10.4885794766132,-6.9530449348915,69.4627850345821,-67.5779499537387,8.15869744491213,9.12684370896403
1992-02-28,11.0154899046992,-7.46204072467871,69.1661876662104,-68.710700772332,7.15633172596964,8.00818058552789
1992-03-31,9.89936193346134,-6.2934271895683,70.0849834996346,-67.767950023385,5.16936150788398,5.59695855889545
1992-04-30,10.8052810975626,-7.49342968451195,69.8228700703681,-68.2138438770056,5.88598667166692,6.51861888324862
1992-05-29,10.3335073617768,-7.00260043107991,70.0836175632454,-68.0623342498892,6.49807241593656,7.0971838786286
1992-06-30,13.0819124555273,-9.72570197283971,68.0547629210322,-70.5379638158338,10.5756250380746,12.6008891041971
1992-07-31,18.8047697731085,-15.8686254408099,64.7638955613065,-79.1364828448297,11.161665764374,14.4335175630877
1992-08-31,22.961840244077,-20.1250943921372,62.7670846006757,-88.9410120257519,16.2714373112277,25.0207978587146
1992-09-30,19.0341920072799,-16.5386219613044,82.4590479329433,-100.355115804122,18.2939140333825,25.8158781815889
1992-10-30,8.65488792745407,-5.70400130708276,90.7110150413525,-94.0084474677512,1.60290056800026,1.60257538095349
1992-11-30,8.35611268377738,-5.29863164788859,90.9776351146785,-93.7447607778733,1.29945404044578,1.29967162993477
1992-12-30,8.15254512775625,-5.03906388713147,90.2186347512287,-94.5084884439311,1.13393194969372,1.13401459944372
1993-01-29,8.24475021963059,-5.37529028664929,90.7175337182592,-94.0131617725919,1.66258438645818,1.66287749975377
1993-02-26,8.05715910181503,-5.14629902203879,90.4846984627298,-94.2446037015863,1.78371065199214,1.78297120035693
1993-03-31,8.13876963184744,-5.2240381200227,90.5283044612457,-94.2013319031494,1.82833518368562,1.82876318038789
1993-04-29,8.08800046275979,-5.10840853167836,90.0716186907346,-94.6571104429992,1.71504490105858,1.71478104421455
1993-05-28,8.25755200302262,-5.30508440742973,91.7164243660878,-93.00842550306,2.8002401524849,2.80714626993504
1993-06-30,8.00928536261427,-5.01682804649155,91.9112587631613,-92.8137782443784,3.50935501862023,3.51410448130948
1993-07-30,7.61519091390093,-4.64919280347088,92.5609354220944,-92.1620513893065,3.77215535586137,3.78330803999147
1993-08-31,7.25103556845986,-4.2399316632316,91.3091773860161,-93.3849296883223,2.49518514418281,2.49715942981684
1993-09-30,7.6275415393947,-4.73075621765835,91.7779279615042,-92.9153190478866,3.50504426631545,3.53177501564222
1993-10-29,7.33628566932081,-4.32874844357411,91.6159168572637,-93.0770963939311,2.84942006362287,2.86514112874871
1993-11-30,7.46458254574418,-4.44164855343623,91.6613205878053,-93.0281954514108,2.37894691720439,2.39005474806755
1993-12-31,7.53324209337333,-4.55899723887339,91.5433055561796,-93.1476686972962,2.22580548300485,2.24419036748022
1994-01-31,7.46088786625618,-4.56497307069864,91.6805698804115,-93.0112642478236,2.60080598435829,2.62420992763381
1994-02-28,7.62223702645563,-4.3842822192997,91.444087457476,-93.2558937155718,1.67254474307181,1.6932459155839
1994-03-31,7.79778965444341,-4.4689127382898,91.4452950643412,-93.2508969119217,1.08955422404404,1.10416293520603
1994-04-29,6.23873835206292,-2.6123789608935,0.00449762701982753,4.71307751556312,0.699495298054179,12.27369061305
1994-05-31,3.12159584027441,0.94380808409288,4.62721737029051,14.1189439914169,1.56570639181328,12.9438949618355
1994-06-30,6.11349156444748,-2.39353557827874,0.000661869915448936,5.93086083749908,0.404149051450599,11.0956682704303
1994-07-29,5.96134373588638,-1.98480300634783,0.000218149585612322,5.49363666342401,0.448035763831798,11.7733599986214
1994-08-31,6.38974569929552,-1.89988189639873,-1.14188418309778,4.93444499793614,0.408572840198695,16.6518949915017
1994-09-30,2.78969104285495,2.01834292818312,5.31392078675184,15.8638085421023,1.82063095115459,13.8034551455007
1994-10-31,7.27283277716051,-2.53043259295809,-0.00966826499000508,3.20628018078399,0.618892067631055,14.2004197222031
1994-11-30,7.80742770631133,-2.85397367668506,1.0336695314002,3.05885308701219,0.556502295128272,99.4840315326535
1994-12-30,7.92324779010301,-5.50925698624008,0.00038953774308464,-0.174930181652939,0.117889016948723,3.33535937490094
1995-01-31,7.99572327159455,-2.30498243955596,0.0063278938518274,-1.00645026860988,0.586590640558081,4.02036949204037
1995-02-28,7.9633181096563,-2.27758620992672,5.07215902023245,-5.55161906353924,1.58095605123302,2.11874207613046
1995-03-31,7.89423468941279,-2.14809187264877,6.01309623512904,-6.38344308877052,1.58761721818827,2.00252304405977
1995-04-28,4.23902970501837e-12,5.79210350593598,5.4082587825676,21.8323379436977,2.37592235030974,15.9925793908672
1995-05-31,2.2204462856992e-14,5.74939605415649,1.02285609779042,19.7028506831004,4.25715734232665,17.4132287500076
1995-06-30,2.22047602414572e-14,5.56045000384697,3.12156909745609,20.0948848259448,2.62346012031739,16.2215684908924
1995-07-31,2.2699306034135e-14,5.46470437726097,3.37356563843854,20.3511541645002,3.33635660175038,18.240655906921
1995-08-31,0.000113873374042352,5.42745679730625,3.5477496691903,20.0092581927836,2.8992558944361,17.3203198656552
1995-09-29,8.94262985057147e-05,5.46420103017231,3.92549875647571,19.857827110966,2.51761354510499,16.8833808847478
1995-10-31,6.97457947648645e-06,5.49247896339902,1.21367527745715,18.2514647146546,5.15166200273104,19.9226643574318
1995-11-30,4.85833840219153,0.680880174902881,8.91669423666052e-06,5.62099335454276,0.714215678771169,21.7711213301927
1995-12-29,4.84325576218355,-0.492753402006909,1.5042166806789,5.2146678833565,0.199189556717624,24.2745923368669
1996-01-31,4.46361200862467,0.797354579127299,-0.498724824846623,6.26417319630838,0.713577992724264,17.3982724080676
1996-02-29,1.9554725830321,2.9942204021742,1.9897817749908,14.5227266747773,2.57526036977028,15.6697367751701
1996-03-29,1.88176172880356,3.04856190126144,3.81806942467808,15.4154749299972,1.84818868008061,14.8192170413667
1996-04-30,2.45827770557127,2.47229918342551,4.10359842267234,14.172724798389,1.75463836867902,14.2891528673213
1996-05-31,2.67017550103064,2.20931119414652,4.69563369579042,13.5419596176593,1.76681309220708,14.1973254423111
1996-06-28,3.52575634152677,1.48619880563913,3.51639144757203,10.9002852409435,1.54550451494678,13.9875024391333
1996-07-31,3.84665306409055,1.38932134531668,3.0862493467717,9.97409672705536,1.71814403400977,14.5824551227069
1996-08-30,4.84385155232823,-0.0439355756792666,3.1741197419041,7.78635300367712,1.24778856598116,13.9770741404226
1996-09-30,6.14018421302838,-1.41288776009342,-0.00442169525448127,3.72135642713797,0.389508893006175,20.0879400474082
1996-10-31,7.77589965404899e-06,5.18737175260326,3.95948592206269,19.6117217613847,3.04241509550039,17.398414403415
1996-11-29,3.53863773565568e-05,5.13729204550468,3.76745526818565,19.2442386320002,2.6217104021252,16.7370879661765
1996-12-31,2.60568891174028e-13,5.17635270247477,4.7927279497377,19.5363360496701,2.66487937005224,16.7608996031072
1997-01-31,2.38090023482734e-12,5.16366345448602,4.89276150255315,20.1693163413807,2.63099982129181,16.9628898198047
1997-02-28,2.22073206134005e-14,5.18966354868429,5.49600842798583,20.2449246542119,2.43464878263394,16.5905405252561
1997-03-31,2.73957670714581,2.62075995413245,4.34986929149327,13.2555139606126,1.92167833460752,14.6406576717935
1997-04-30,2.46821090971932,2.84229457035065,4.16814065516175,13.6398516777675,1.94483259819038,14.8891799954945
1997-05-30,3.21016528014936,1.89670451162412,3.87468801412957,11.5118180386533,1.68142607089539,14.5061362599274
1997-06-30,0.627773572987411,4.58435632793501,5.10559446487889,18.1783321917498,2.21734848356959,15.3853967021567
1997-07-31,3.46594053591908e-06,5.36709084652297,3.48644828141874,18.2922159119121,2.87573973778973,16.659022576569
1997-08-29,2.71984420857761,2.5810540248607,3.1273635637523,11.8700551459906,1.9303330206942,14.4108108428608
1997-09-30,5.67028104946251,-1.322042476941,0.555920584655641,3.16729631670244,0.167659979890666,20.6538797817724
1997-10-31,1.22251809129338,4.10948191601366,3.00701492545079,14.7035031788597,2.38344226553902,15.7653905400638
1997-11-28,0.22644817666401,5.23806719807275,3.97078700382839,16.8743549151227,2.47427772327951,16.1781756257089
1997-12-31,7.2394811245622e-12,5.46044566671388,3.42717047572055,17.084910981115,2.83863099045605,16.9682320536119
1998-01-30,1.1302227695335,4.2555495333835,-0.0109340725897839,13.8653508137996,4.15374735586724,16.0273009846387
1998-02-27,7.33967444760734e-11,5.43033386942882,2.8066764248006,17.1543900572517,2.94978071558546,16.7391862656529
1998-03-31,0.00221128850541934,5.35768247870532,3.58451975352588,17.2354321003343,2.58940899915843,16.1752795993041
1998-04-30,4.17519759713757,0.953851772821315,1.82960771971636,5.84153954248838,1.14449575775722,13.979708627181
1998-05-29,5.17862362909743,-0.166201184841979,1.06678451548407,2.63137484677971,0.519349004677213,20.706795488734
1998-06-30,4.54243435239687,0.607148865683804,1.46025869092295,3.62680862260655,1.10004075932404,15.4469529636509
1998-07-31,2.02647245276637,3.17231326607584,2.90586934442024,11.0711026646361,1.99210512737608,15.2339247960044
1998-08-31,9.23095033712538e-07,5.16416901842221,0.977271318738885,15.7835009769597,3.36068380217931,16.1442468112964
1998-09-30,2.56280774616175e-05,4.74116492248836,-4.5924815091996,17.9131950395585,5.16037467908121,14.4342902948078
1998-10-30,4.14565872794791e-05,4.58275981808087,-8.80461662472185,21.7219580664356,5.69639320892111,11.6333912007174
1998-11-30,8.01583548267396e-05,4.69727546068456,-12.0470440198265,24.1479270886614,8.40426895196004,13.3986190896215
1998-12-31,1.47307917489978e-10,4.66124940293389,-16.3409263756155,28.3921109228316,8.69724381969397,12.5688277944748
1999-01-29,1.56334325669587e-05,4.5671298638844,3.16132921211709,16.51019070965,1.63294577718624,13.9120564702307
1999-02-26,1.96197884768702e-07,4.67374866979351,4.02550886683292,17.3430494940458,1.86611269529469,13.5347543434888
1999-03-31,2.08053178687906e-12,4.52427389368073,3.77744263642703,17.8469085564383,1.84479480583079,13.4789361222082
1999-04-30,9.83595497861303e-11,4.50363376128784,4.20637788523705,17.908139848087,1.74487005006905,13.3868294183185
1999-05-27,2.82078917515902e-12,4.55076481999665,5.06919279857327,17.8329801714106,1.92931350128297,13.4249264169329
1999-06-30,1.98220921737771,2.60200386833591,3.84487168933511,13.0499405167639,1.32731895216866,11.398469014911
1999-07-30,1.22429159137833,3.50769685936485,4.16762880663446,15.1525351054606,1.72295655021368,12.1069279376033
1999-08-31,3.05466481233437,1.8068519654985,3.07108974876125,10.4782012055864,1.17920298180133,10.7231491243531
1999-09-30,1.95768990296929,2.85783153358899,3.62415142817049,13.7066792902237,1.31765358201715,11.1319802602292
1999-10-29,2.38050138053378,2.53488938956304,3.75194835394675,12.5158281884554,1.24269214162283,11.0237430110883
1999-11-30,1.62338740827414,3.60042957936288,4.28332963372911,14.9461029643882,1.3174648143672,11.0105479545699
1999-12-31,4.23755405220416,0.781710129748562,3.31512901543451,7.96674019272114,0.775324448150827,9.50791319213179
2000-01-31,4.90393435383235,0.47321680488633,3.09174469015048,5.05674786515708,1.02298444025636,8.40527907508846
2000-02-29,5.37719301545884,0.14492479356638,1.88203724570559,3.33671966842517,0.771848345905659,5.25608590847501
2000-03-31,4.3127503382201,1.4735557955634,3.19652342561415,4.93866570552797,1.09308075180039,9.15817281575006
2000-04-28,5.44892806804481,0.260699021833512,2.61865011425391,2.08101850321058,0.855553363864901,6.09452709700589
2000-05-31,5.70131270739408,-0.762143213765585,3.88781803816694,1.79551792101773,0.491909496430682,5.42135560635456
2000-06-30,5.04376699050279,0.676395448652987,2.85768952198983,3.2295189333726,0.678438249900265,8.88961319718849
2000-07-31,5.22833619444116,0.949217674169205,1.69077418653954,2.31204270500138,0.725069721022895,7.41100274908006
2000-08-31,4.91692795645849,1.3679410579218,1.53831747616504,2.71483377912114,0.789037569110462,8.88419671256244
2000-09-29,4.16764926767279,2.17829392066491,2.02045622388984,5.85809611475649,0.705679262383036,10.3601469387659
2000-10-31,4.70690146036271,1.64558474756336,2.11454489312488,3.83883655468383,0.498031748290851,10.602411512736
2000-11-30,3.5417329151601,3.01560343843816,-0.235637310692877,6.77208791250175,1.47247863578905,12.1287385754519
2000-12-29,3.44038631523806,2.67753812884249,-0.00599896396207377,6.92223496429032,1.09876370034753,13.1958553441907
2001-01-31,3.87553788354675,1.34776085375572,-0.000321650383317382,6.1544587264897,0.575198217249076,13.313591760445
2001-02-28,3.62971273994658,1.47158083719646,1.60872616269917e-06,6.62431156032162,0.557451713970855,13.8003246180194
2001-03-30,3.42950467198595,1.08470268893359,0.000106987381175667,7.81199798957408,0.497773923559381,13.6107109162141
2001-04-30,3.86667317331572,0.420238753171214,-0.7984549472245,7.37094383940728,0.350802882831973,12.4423723197574
2001-05-31,3.99477109509971,0.255924097057243,-2.09482963118408,7.05230551009626,0.296936233939816,11.5846144835143
2001-06-29,3.93857189179767,-0.0109411753429423,-1.34736786799849,7.05067167717202,0.322113384415851,10.9190832486099
2001-07-31,3.59113614216958,0.368875670322578,-1.84429248832336,7.41868230141908,0.468296879279056,12.1182917764997
2001-08-31,3.41146648900269,0.572717887829276,-2.08763139424792,7.57954907852541,0.416941288054839,12.1294178785307
2001-09-28,2.54515816657961,0.141157084450452,-1.81976423913876,10.9025701218943,0.611434683695127,12.5261031655304
2001-10-31,2.27405150058071,0.244137617018649,-2.63301570851974,10.3933886919673,0.557735392499422,11.7379713459008
2001-11-30,2.94129515384556,-0.86052226252247,-3.15124358634763,9.84096048104771,0.464523737596859,11.0665425390086
2001-12-31,3.73844352614405,-1.33386378475227,-5.08790292797703,7.93213789401024,0.438933554710315,10.5113336117431
2002-01-31,3.61515400768789,-1.53275172078452,-3.6025165489901,7.97553534931804,0.476663944558545,10.4204535976878
2002-02-28,3.16912219411495,-1.06121588320729,-3.40301308895244,9.24675143886205,0.411756024865661,10.9603963156402
2002-03-28,4.28113842345005,-2.73395440275999,-2.18161001955748,6.85209079859957,0.506342172826782,10.25454130427
2002-04-30,3.88463695859648,-1.61218461828429,-4.37442170555203,7.29804142424951,0.431222840042573,11.0634001390873
2002-05-31,3.14827080982088,-1.22033267628081,-2.92268684779442,9.85635229492164,0.3567891355836,11.8163702815934
2002-06-28,3.02612529435346,-1.07499322126891,-3.11650496450552,10.164134005115,0.452565903740707,12.7409101565726
2002-07-31,1.86817738164912,0.418202591146112,-2.88819827281126,13.4300553453086,0.572614409337066,12.6848976445188
2002-08-30,0.984390466596451,1.00458663370376,-0.844399192498898,14.8936011210997,0.480431325053177,12.4510052938029
2002-09-30,0.0380147419739372,1.68638511507814,-2.61844469669731e-05,17.2385525223458,0.624263018643849,13.4456897886422
2002-10-31,0.109654638074401,1.57957675594911,0.00048944337895536,18.1804526999298,0.433986441857489,13.2477003878671
2002-11-29,1.15057686791716,0.153607571850089,-0.840235099512758,14.8549199549318,0.38630330674271,12.5420862073485
2002-12-31,0.27436278680339,1.23611179954608,-0.778557622191761,16.8444917187002,0.566730181770004,12.9839593577872
2003-01-31,1.14048244613697,0.346669276946222,-1.92858448436026,14.2719625542968,0.684860795538594,12.9793974068854
2003-02-28,0.699271442202579,0.734006848757575,-1.60078339771141,15.1351654601073,0.871345384282276,13.6481810437118
2003-03-31,0.851450704511791,0.545655968167007,-1.82211305441555,15.2185305616796,0.778454550099402,13.7214514967445
2003-04-30,1.68158511914788,-0.277644548780692,-2.92079994384324,12.4366782018825,0.965329403755435,13.5478381214176
2003-05-30,0.182849264038586,1.05615636393685,-1.55577331490448,15.7362197681504,1.42159113862096,13.8949821219476
2003-06-30,1.01352244349087,0.0367007553801926,-1.9536691008457,13.8922788897054,1.26775881942852,14.4937371882029
2003-07-31,1.24597224741852,-0.165418643240042,-1.75876603961972,15.7340439321232,0.85031367099005,12.3308448544572
2003-08-29,1.89482015068174,-0.745604467643303,-2.37501644038432,13.0631622243728,0.706870209050503,12.393310026898
2003-09-30,0.938397783234887,0.345752283712178,-2.13819629289544,15.0981251296757,0.840083289377175,13.3181159470942
2003-10-31,1.37728515792872,-0.247743825065298,-1.71733063841947,14.3919291916707,0.671980483874729,12.8378256292253
2003-11-28,1.56455527926336,-0.551787786551899,-1.22256471506509,13.6904312313521,0.558434405145475,13.2206713935951
2003-12-31,1.56995960754074,-0.464972230187791,-1.94850069775281,13.5150534917633,0.681717255975322,13.133653696717
2004-01-30,1.5420516946803,-0.441728445271503,-1.76120932765209,13.1868378463244,0.657201502576964,13.3401088029858
2004-02-27,1.72914078273247,-0.447372896833002,-2.5831714158147,12.3099743826495,0.770173322084181,13.9289830776604
2004-03-31,0.778014176915374,0.366296424169109,-1.15237299041908,15.0143354505349,0.720940903839432,13.748109250509
2004-04-30,2.15976345227686,-1.09412476541376,-1.75858525652905,12.0641008108421,0.471496882478161,13.2701710547954
2004-05-28,2.36157364018114,-1.42036621567551,-0.857092737011936,11.4719530199882,0.58446360968458,12.6693210008144
2004-06-30,2.30955531549417,-0.865885095166825,-1.24595841351203,11.405580692379,0.37123157062976,13.1826382532121
2004-07-30,2.26920139966415,-0.809324441994458,-1.08508531609203,11.2701725354639,0.347083363005784,13.8609109362065
2004-08-31,5.17161371488796e-11,1.46650594249758,1.31888383928623,16.9847330070312,2.14092162472847,14.0322913053515
2004-09-30,1.57747955482411e-10,1.68607008208096,1.90047605941316,16.7532383029298,1.59177018349854,13.7977949068284
2004-10-29,4.35877144551302e-06,1.92675668599425,0.939317346436634,16.3906091845114,2.03943812722209,13.911614728995
2004-11-30,4.4053314541411e-13,2.03888762488486,2.67821136079933,16.7952485493943,1.48199739867795,13.3970212185757
2004-12-31,2.22184686716085e-14,2.22664261753462,2.68295423451622,16.1174201889842,1.41713107217677,13.4091853042864
2005-01-31,2.1020993424354e-12,2.37961641125624,3.25501040324534,14.8951049392231,1.45966242309679,13.2569195212192
2005-02-28,2.22144733531383e-14,2.52852255705532,3.97505213772427,14.9339699572008,1.49559365733582,12.9398421444288
2005-03-31,5.99348737131364e-05,2.57891490068172,4.52014223151417,15.0766889907261,1.43428340932533,12.5930591840625
2005-04-29,2.41300423058446e-13,2.76083461519311,3.96053534479798,14.3805915885805,1.41518791545775,13.1562562999188
2005-05-31,2.5987626270573e-10,2.82191557445689,3.92186856189828,13.6909325461468,1.38524519819452,13.3851902170744
2005-06-30,8.26143259081613e-05,3.0875951753858,3.64350149456573,13.1602956209622,1.41736631600369,13.2116100452052
2005-07-29,9.58895399602615e-14,3.37903092575562,4.08710805089805,13.6229355904612,1.51848533951598,12.8564523703206
2005-08-31,2.65563683358668e-05,3.51159648589372,3.25120832079247,13.0238011960248,1.56201956959041,13.1288272588233
2005-09-30,3.5332815792058,-0.554421626091252,2.4215976514445,3.88923758917446,0.434487352177869,16.3292328375969
2005-10-31,0.935658256878467,3.04801235516002,3.39425045585318,11.6880397768295,1.3947542466147,12.3049693743092
2005-11-30,0.632982741693816,3.50685794408527,3.36949239830875,12.5149197619102,1.39985353314262,12.2937572508715
2005-12-30,8.37962987750117e-13,4.31332604759562,3.16234240826279,13.410239295601,1.74686770250938,12.9246330220399
2006-01-31,8.24529390589435e-06,4.61349105929757,2.14907788232363,13.58561663881,2.24511056645169,13.6189302737283
2006-02-28,0.000194504150175208,4.67240696845859,2.82762590223179,13.1103291622021,2.17518104957047,13.4795719478168
2006-03-31,0.00734972163511974,4.76750101597379,3.02725660923738,14.5332824244776,1.93204835059726,12.8175117949761
2006-04-28,1.73426441093675e-11,4.94940777679227,1.94230166580325,15.4078415449602,2.27092899839363,13.1220129048705
2006-05-31,2.2204715018666e-14,5.02726147061643,2.97741670040842,15.5259253179449,1.8658406780807,12.577132201467
2006-06-30,1.98802143683344,3.21626353466167,2.37223245000103,9.76478464545104,1.38418472708817,11.6909051737587
2006-07-31,3.0562921521921e-05,5.2634707169427,1.52231665411663,14.8128131541709,2.29734637425549,12.8389104344171
2006-08-31,3.01982846365888,2.32361170675117,-0.00074683333347623,5.92137434066305,1.53844551276533,12.6161801423303
2006-09-29,2.66073245659267,2.61100212546525,-0.000925545399530874,6.61981763411231,1.67706495846318,12.5454507635634
2006-10-31,2.59583148819955,2.6795823598473,-9.70671367734348e-05,6.67898572568031,1.72583877745434,12.6695114870505
2006-11-30,2.077912256061,3.164824787842,-0.00102243512901284,7.71844252088642,1.86980551161293,12.7015378282891
2006-12-29,0.00682086964698917,5.22810920901809,0.0287687059973788,13.9139016098373,2.99486393143598,13.3022222922417
2007-01-31,4.60701898520775e-05,5.20628314713293,0.655485818596867,14.1087463922156,3.0936144458962,14.356389682554
2007-02-28,2.21216169522863,3.04858018322535,-0.000932107692478055,7.74453898395157,1.77370310469642,12.3943756647899
2007-03-30,2.27103149116343,3.01979073348374,0.000658280561618484,8.21594664468916,1.60790340109959,12.5175521469051
2007-04-30,2.50554281881782,2.8562430759232,0.00211803583656634,7.41281214787283,1.43225065680415,12.5986858319487
2007-05-31,2.22119086052028e-14,5.0460562338653,2.5956413755411,14.6702392870943,1.95007886592311,12.8074276519029
2007-06-29,1.02253916859032e-06,5.04398494369446,1.05562768717028,14.7377893873435,2.69233624755231,12.7052902292568
2007-07-31,2.82033983390372,2.42630428827396,-0.00598818525848659,6.87234265684568,1.15445863232894,10.8282462590675
2007-08-31,3.51937076603784,1.05677929388821,-14.0486924695546,16.1348839219631,4.28125982589898,5.84204899684796
2007-09-28,3.89338573207807,0.356292100698455,-13.8433193054972,15.459416485993,3.8655826703287,5.10594577662023
2007-10-31,4.27753142289859,0.064623125501715,-13.9837912405557,14.0393597134884,3.46904784077157,4.44279839911308
2007-11-30,4.34226400353512,-0.615875807690054,-14.2639924521785,12.4864850001647,2.73025060940669,3.66967143051576
2007-12-31,4.13467513566997,-0.344855506562107,-12.1533575215127,10.9388791941326,2.70626605699976,4.1430132011063
2008-01-31,1.52716165000704,0.901391119181335,-3.87504921824069,11.3657192396379,2.17971356902871,9.74393877953304
2008-02-29,0.000115790731433106,2.27734079690195,-2.35949270914397,15.6772866895502,1.20940326347883,11.5545659404147
2008-03-31,0.396055882079748,1.07781114498414,-18.2911236626203,28.6995156530363,4.58457522353339,7.16266795352577
2008-04-30,9.86579444428505e-05,1.5918587149032,-11.2521532624235,24.5326861573798,6.7458057488389,9.71199005155332
2008-05-30,6.48215349227549e-05,1.86515429893747,-16.7211927876399,30.5765207888637,10.4060374746518,11.7784201675021
2008-06-30,0.00015399118829836,1.97470347534674,-17.8610603492866,30.9078985947244,8.13678634013115,9.98045781200861
2008-07-31,0.000177929346372424,1.91047600391726,-19.2800629207718,32.371731420138,6.97980798107012,9.0256560485083
2008-08-29,1.67100333282817,0.313446330279864,-22.7876012120719,30.9507992111609,5.36374596715042,6.84030801411821
2008-09-30,2.7663131958215,-0.960277424837384,-24.7533060903078,29.3238379067101,3.64809749034344,4.71773714015121
2008-10-31,0.861154058410047,0.952605319535583,-50.9041368592386,59.5099284358955,3.37695531754435,4.37462517870532
2008-11-28,1.02652394864558,0.229321200313909,-65.8409867767854,71.2168830845221,3.52555108564484,4.16865008944472
2008-12-31,5.07120959064942e-09,0.389962328701653,-151.029632912729,158.917614958738,4.48140700470029,4.74188682908545
2009-01-30,2.37688376370087e-06,0.438493276831015,-149.734006959215,160.306553921959,4.87035005955481,5.20166800756482
2009-02-27,1.16637728912184,-0.475591773023993,-151.196641580914,158.973697814591,4.46410188639559,4.739182134181
2009-03-31,1.63916957961161,-1.12044349502901,-152.195581158794,158.14743656052,4.81980047537703,5.0613853293263
2009-04-30,0.564071702906571,-0.399001199739952,-149.554223875697,161.003841917104,5.90104203036036,6.2129961442799
2009-05-29,3.18881696502433,-2.97454077551935,-152.759655995638,157.779962323076,4.07489269455239,4.25317875458933
2009-06-30,3.72094999320508,-3.64048981994258,-153.237433663387,157.431128605638,3.81605921025714,3.93098005898779
2009-07-31,3.33059418115691,-3.35957521445661,-152.400897711421,158.438912892143,4.50046959075677,4.62496510958157
2009-08-31,3.56952016994679,-3.57852203530546,-153.381059551715,157.493899441598,3.83146430897869,3.94673895839394
2009-09-30,3.54718736376793,-3.58152965868878,-153.625193431587,157.394429322082,3.81942917505756,3.92561592425677
2009-10-30,3.92592596360935,-4.00578974231577,-153.839286221996,157.226353823632,3.88218499736946,3.98641299008764
2009-11-30,4.47454806713748,-4.36638656588431,-155.606977925127,155.474093206563,3.28436815338719,3.3748245774111
2009-12-31,4.01227334431692,-4.06630761092789,-153.082914116916,158.196325627288,4.27135235557269,4.38628899690947
2010-01-29,4.63960877704006,-4.6491878947745,-155.190045037396,156.100856307675,3.23924233322042,3.32912550323697
2010-02-26,4.68460770849054,-4.60896477522553,-155.351854448739,156.021242943548,3.28069674415954,3.37691312648283
2010-03-31,4.2541558432841,-4.23683820611908,-4.52424894706056,5.37674921868266,1.9810977087591,7.32822233129206
2010-04-30,4.19087690270159,-4.01498884779513,-4.8567090666101,4.71440050341978,1.86777990280188,7.3031502166471
2010-05-28,3.42102297172105,-3.06109456318434,-4.88953753469241,5.57167046225582,1.71654350281607,9.02020408672797
2010-06-30,2.79370082324637,-2.37059815932769,-4.86721518332485,6.50535841009592,1.81986397897957,9.71624470700714
2010-07-30,4.392793421,-3.9665741638,-447.5223908406,445.6986780656,3.2955915813,3.3274681351
2010-08-31,4.10997475248241,-3.73014523054384,-2341.05089939619,2338.62424381113,3.26806243085859,3.27218794269547
2010-09-30,4.29668666442151,-3.86697353293864,-589.693752441971,587.081450466595,3.4369088993752,3.45803110143913
2010-10-29,4.7477631657491,-4.23250540010568,-590.162430396615,586.777255489666,3.58374559061207,3.61085887564954
2010-11-30,4.5209736963407,-4.10891249121877,-7.35680001482012,4.43893958178288,2.62788683539576,7.05956772230651
2010-12-31,2.65463567486643,-2.14696237522546,-5.13774302251304,8.08275608933085,1.52321686805219,11.7536182917809
2011-01-31,3.7354097731064,-3.31214172166748,-6.18693520677896,6.42429572403557,1.86507547244215,10.7428425666868
2011-02-28,2.8172198127782,-2.45347580667889,-4.73050979248948,7.90876728446011,1.42237156168292,13.1970002100017
2011-03-31,2.47872065996867,-2.24780819844427,-3.81176542221225,8.86679359622198,1.3814217314123,13.2942078683885
2011-04-29,4.41776515082986,-4.21188137643472,-5.93948320484808,3.87866496944156,1.9628996666404,8.64079475878752
2011-05-31,4.9931557404547,-4.74452511208213,-7152.47502087985,7149.69707599032,3.18058444537669,3.18216564654898
2011-06-30,4.99217257126771,-4.77470215781351,-92035.8375878095,92034.0741933433,3.45263075626113,3.45279072273825
2011-07-29,4.60098674296437,-4.10477904635337,-131137.076163566,131134.840578326,3.78556602871166,3.7857184195742
2011-08-31,4.337964881,-4.0355934891,-5536.7295952644,5534.0415028499,4.0188820112,4.0217581447
2011-09-30,2.82809025648574,-2.63992611879832,-242.145631044878,242.638743904734,4.64811583690348,4.72686204660283
2011-10-31,3.20981634055818,-2.92118181202291,-539.832742100267,539.281243638493,4.07122485968524,4.1058480386116
2011-11-30,3.08912164181019,-2.83824575474291,-594.241980024453,593.87099577931,4.16620101519119,4.19647300729646
2011-12-30,2.74602672414741,-2.56033242672516,-514.287634952327,514.80081334236,4.766899607021,4.80644272061073
2012-01-31,2.35446389175754,-2.08340315480566,-559.659734208839,561.002656742702,5.24316521446883,5.29642758918248
2012-02-29,2.41022281920973,-2.15885856159275,-560.854224232038,562.887378553563,5.43227638009796,5.48543966595939
2012-03-30,2.9881073034066,-2.73357324091195,-620.422731599841,621.716233764531,4.93766378570198,4.97858970521104
2012-04-30,2.72599902872244,-2.43409610635765,-586.6184754173,587.670379971957,5.23372832304351,5.28112366591464
2012-05-31,2.05336333962974,-1.76652732281112,-488.868273897692,490.635872593883,6.06558784073204,6.12567018588857
2012-06-29,1.11888853697596,-0.844703548498009,-462.366106661446,466.870328080387,6.83939675222782,6.93160479285228
2012-07-31,1.66921074953535,-1.41260623675097,-516.963940525461,519.224645851906,6.02194226290579,6.0840328613818
2012-08-31,1.88951312892511,-1.59146382912387,-568.490890057614,570.301580022236,5.81865767234356,5.87455585453574
2012-09-28,1.10706942304797,-0.81561153003403,-699.03780687996,703.207928846861,6.48585832530612,6.55136484573031
2012-10-31,1.61011162724207,-1.3506786306181,-264.652407500303,268.031262122505,6.30775092499146,6.45022619076385
2012-11-30,1.8229513173741,-1.51865665162453,-608.132111076702,610.588934673233,6.21127338258072,6.27153506626716
2012-12-31,1.8733582500152,-1.62739030290041,-624.135801800255,627.029264586425,6.0681488107608,6.12629228829655
2013-01-31,2.73774253281253,-2.51702302047727,-610.874913462176,612.118304335981,5.18676839668328,5.23021837386951
2013-02-28,2.3089250215954,-2.03874607236854,-687.780371780424,689.833804741827,5.61932442688438,5.6684773830946
2013-03-28,2.02659138686251,-1.80234735057695,-645.238721966164,648.332237361555,6.11050147221768,6.17058939278786
2013-04-30,1.82763705943979,-1.62193612902289,-552.337841958681,555.25101082001,6.19410102765487,6.2618132281602
2013-05-31,3.21287053393383,-3.09604990557468,-374.885907894673,375.778572504899,4.99724902010983,5.0536554978335
2013-06-28,0.787383207189331,-0.420108835872076,-2.92305269873775,10.2481452765518,1.44248643884773,13.7425921655011
2013-07-31,3.03028451561284,-2.77231483649858,-5.1739998117116,4.82020446105318,2.00732885795206,10.1928109016158
2013-08-30,3.60917271959674,-3.36913264699808,-5.2130447674151,2.90278794695626,1.71178188343066,9.75315384153371
2013-09-30,4.16901666313099,-3.99685264430891,-5.89134769900473,2.39535706829433,2.20486911887889,6.76345221375241
2013-10-31,4.2961266133864,-4.08753180395211,-217.423509700832,214.645640088467,3.15086298618966,3.19396181679144
2013-11-29,4.32907948621738,-3.98273694328654,-446.999337302112,444.24796188926,3.14958300987125,3.17849065918459
2013-12-31,4.55657183920196,-4.16593797606848,-8.36484047802963,3.48137709080066,1.88741515619621,3.65797029680896
2014-01-31,3.87124580902269,-3.53095813732992,-5.86476008090475,1.92860627444387,1.71568535085945,8.41426175433921
2014-02-28,3.92435289147755,-3.53756187889853,-5.94092235559244,1.43123879858888,1.60050586733741,10.1962752656688
2014-03-31,4.24898716077352,-3.78251616084825,-5.97860873941409,-0.716158326873619,1.23990540155068,2.97791640614075
2014-04-30,4.09631782608439,-3.72755762334173,-5.77941580818688,-0.327856494281704,1.28802678019243,3.19201633254679
2014-05-30,4.04138579673392,-3.67110057720884,-5.34152030314662,-1.15945939455203,1.26773310582828,3.56689196092036
2014-06-30,4.00402447140386,-3.64398368745717,-4.87244033988114,-1.5809714752733,1.16077794483125,2.75311298014107
2014-07-31,3.9447958906,-3.4656898144,-5.4705527493,-1.5824823061,0.954929576,3.2197090103
2014-08-29,3.7540474469,-3.3565073779,-5.0650904626,-1.7898164808,0.9536777184,3.9326157416
2014-09-30,3.784254351,-3.4064137122,-5.0758279096,-1.475643498,0.9116980768,3.3711006944
2014-10-31,3.7350639787,-3.4267992666,-4.7919341212,-1.3480197186,1.0703445057,4.7134816577
2014-11-28,3.5560388469,-3.0891365301,-4.8166267701,-1.7114850787,0.9983701857,4.2432363096
2014-12-31,3.97376635175778,-3.74297428370573,-4.17550757367851,-3.13769298096415,1.09055417316325,8.80601849677397
2015-01-30,2.66808694230113,-2.34614605957666,-2.8917306790169,-1.91765732391953,0.844535840221622,2.64113641509103
2015-02-27,3.2085923837729,-3.01289639798613,-3.3840298953389,-1.62374879836322,0.986230684029634,4.91959301100957
2015-03-31,3.23212669757624,-2.93660251814631,-3.40296478193508,-1.53046960271828,1.19333068773427,5.75549045168445
2015-04-30,3.63571711060426,-3.53901842338367,-3.09758448040672,-1.9629740760559,1.37814865362702,6.27602483188058
2015-05-29,3.93448104066757,-3.81070009793538,-3.30767335369596,-2.40657135492098,1.39243813217806,6.24110895646276
2015-06-30,5.22091631375372,-5.01293364762447,-4.63807275879222,-4.93427962601552,1.52292642407947,9.99492289893037
2015-07-31,5.62582553207326,-5.45120483135175,-4.33008464144459,-6.81106431533874,1.66029111859687,10.7588048053885
2015-08-31,4.35765666608359,-4.17228146643451,-3.01234705354606,-3.09209996736862,1.6809185801836,8.76496781620646
2015-09-30,5.7950428297825,-5.72692839790429,-3.18113787295591,-6.73103198829307,2.37018003555186,12.2461395625714
2015-10-30,5.08416011666843,-4.8305383309061,-3.54491474815539,-5.29672117439431,1.75748615858276,10.1934938065596
2015-11-30,5.65395555556016,-5.2076224681872,-3.34073226550281,-6.67753478912003,1.96097255877309,11.0302683949089
2015-12-31,6.0936051548985,-5.54888751560337,-3.39906196194894,-7.87887905511849,2.01575766930804,11.6510203614379
2016-01-29,8.78457058583434,-8.26175180817903,-5.10100073602245,-14.9530041065257,2.9345426781985,15.7906894561337
2016-02-29,7.9160264615438,-7.30855460542904,-4.73263492662722,-13.227878612847,2.80634389485599,14.4444597877705
2016-03-31,9.58773655601374,-9.04800744805956,-5.72549812165161,-17.5679565640626,2.94063329171243,15.5635489280919
2016-04-29,6.34354997544745,-5.88056731571556,-3.68040306892623,-9.14350372976695,2.46739399952971,12.3767828625236
2016-05-31,6.54253915675773,-5.91369653258822,-3.87480824892823,-10.1906285583409,2.25120526003499,11.8738590523202
2016-06-30,7.04150430811987,-6.531819509014,-4.65552604454068,-12.3824799259412,2.38081609723911,12.5520494532
2016-07-29,7.30478582451472,-6.74877150847077,-4.434664913227,-13.2957748104045,2.59406660406092,13.4359603303958
2016-08-31,4.53716496257082,-3.97959343110365,-2.4740602841587,-6.13368777304945,2.06456504888748,10.1730699796672
2016-09-30,4.01498527989386,-3.42310766186523,-2.34162045130111,-4.28087105798553,2.10981010677177,8.88207927842409
2016-10-31,4.60391012508628,-4.01636943505963,-2.59460092644191,-4.81776977431827,2.25880586834356,10.1272232194072
2016-11-30,5.64801942038548,-4.97316888153453,-3.6900733396103,-6.74864218857099,1.71493584177552,11.0763963067694
2016-12-30,5.87642236304298,-5.2002711378981,-3.64663959460207,-7.1902041935084,1.7664502005602,11.5582849225155
2017-01-31,5.41098519537747,-4.84087683139643,-2.91189241310608,-5.85717651089405,1.8502774885201,11.2863854493219
2017-02-28,4.94985982974104,-4.34375241305184,-2.53297542847135,-5.09761251948887,1.69565053131345,9.81134777135197
2017-03-31,4.99909908526582,-3.95504807080985,-3.73428082362684,-5.22183856535827,1.4482180227304,9.2419044300125
2017-04-28,5.0141202140269,-3.8901027244712,-3.46150695741376,-5.33751372453578,1.67179701461336,9.36794717270487
2017-05-31,4.33449499084196,-2.98925176359176,-3.40100193460131,-3.92495553220686,1.49057940664469,7.87092037959885
2017-06-30,4.74546616524131,-3.47193494895181,-3.18482249310498,-4.80821560327381,1.74979621471264,10.6284410663438
2017-07-31,4.42226423723703,-3.14837744774747,-3.0586923385605,-3.70861299307266,1.75193062788193,9.45398235106684
2017-08-31,4.36248685315024,-3.10065288260417,-2.76823789944025,-4.13831167036145,1.8802047543796,9.40566252130426
2017-09-29,4.66443952545133,-3.4031918298691,-2.55508060518651,-4.51697512729571,1.93548705368651,10.5355036538174
2017-10-31,4.70022410664437,-3.37515122990687,-2.1751601765378,-4.64357171037039,2.02766533567509,10.6107033954249
2017-11-30,4.76624469818578,-3.31138404406481,-1.33863157228544,-4.80259497575235,2.61161765971872,12.3352365910328
2017-12-29,4.83261125366398,-3.19886503444209,-1.66420863325052,-5.51644101211996,2.2918423181661,12.4445312781073
2018-01-31,4.15340034579861,-2.5617724645554,5.29557141667662e-05,-3.23981158658779,2.50101218126076,11.7864566041492
2018-02-28,4.78832196768758,-3.01459684254701,-0.567402818276953,-4.29868894139904,2.5854131319246,13.2863936203558
2018-03-29,4.12819636552157,-2.25402059939792,0.000227555554299808,-3.06910487261934,2.83762172420249,11.4418609455385
2018-04-30,3.4407286291729,-1.55355909424255,0.00100471485846534,-0.951772231712384,1.49520304122731,8.18008117163552
2018-05-31,3.6117646462402,-1.60858781465942,-9.69393482363304e-05,-1.65837562090811,2.21848149488739,10.5773823464155
2018-06-29,3.01714072326521,-1.50820326636713,-0.000123564253145722,-0.796045761903979,0.346132030923937,1.25758509779827
2018-07-31,3.1513086185759,-1.33164138154109,1.51164894635955,-1.23734834388616,1.05804422861312,1.78785763147094
2018-08-31,3.14353721471798,-1.26260287169443,1.28077362325871e-05,-0.898579904534233,0.524299679000257,2.85553889277933
2018-09-28,3.28844732525285,-1.38872781881792,3.38403883045321e-05,-0.779746942734914,0.442583346554794,2.57760061970747
2018-10-31,3.59307333957462,-1.60176806228067,-1.30795074325695e-05,-1.52568277365325,0.483128025650134,2.68127641060623
2018-11-30,3.55482191601864,-1.11658290703939,2566.75907938424,-2567.45026223402,1.99690383249995,1.99785677451598
2018-12-31,5.14492077256517,-2.37129481436817,-2.83787111876559,-5.25607670138492,2.60506594523655,14.0877634210995
2019-01-31,7.39124164463587,-4.75993777135757,-3.91129539060534,-10.5293161603944,4.01727803650738,19.9820016483333
2019-02-28,6.09536628027895,-3.50522037374186,-2.74340520184867,-6.77448549051187,4.20747715467986,19.6235657611917
2019-03-29,5.28405474920594,-2.70917964866957,-3.03002340328788,-6.0172943824565,2.90928799305481,14.0626441875595
2019-04-30,5.19391080632712,-2.61151177532958,-3.15891800428824,-5.53489066070351,2.56438904300434,13.2078885088771
2019-05-31,3.76550362576559,-0.998019913990901,-3.1598395361119,-3.34147795082716,1.62527851327721,8.36353284561649
2019-06-28,3.74860488948902,-1.39761685555045,-2.7940032983361,-3.41064858469004,1.82802119727272,7.70557656003447
2019-07-31,3.67136430414001,-1.33464029666928,-1.97016589013693,-3.52567429050259,1.90958562809658,6.9326974731346
2019-08-30,2.81356277453277,-0.557983147895286,-1.95309135528432,-3.06887482613246,1.51341721612346,5.94864560412049
2019-09-30,3.10596640515109,-1.01460146778287,-1.75870277115404,-2.9366301156357,2.07421736955028,7.16556924087732
2019-10-31,0.285196779059444,1.39374052079763,-0.00017889432088942,6.72517162991765,2.85794709260184,25.0598019321016
2019-11-29,0.463669549568428,1.27587107551706,3.06302525630559e-05,6.00799805413108,3.04053084613015,23.3548457476453
2019-12-31,3.01554942282618,-1.25101199940363,-1.26020266834525,-2.21788547271241,1.59718797659848,4.84085311542718
2020-01-31,2.78383646279134,-0.979323344597213,-1.60784822924688,-2.85976527521338,1.57303520456223,5.17511516457782
2020-02-28,2.53396898581879,-0.919789181543843,-2.40798643623242,-3.24133082082176,1.26058393056043,5.31987605805525
2020-03-31,2.29538925741053,-2.01499009324435,-1.25345860058164,-2.46116304774634,2.48782895572408,5.90539172975896
2020-04-30,2.29930516489821,-2.10675588318937,-1.20822295807061,-3.29506958102545,1.89978545253634,5.76554204719966
2020-05-29,2.63792369963038,-2.32586969499328,-1.77647622082948,-4.06234467220638,1.83474078576294,5.74232961878174
2020-06-30,2.70294552668417,-2.41243162500993,-1.91758996606188,-3.79580345204628,2.1274210189279,6.35199541985161
2020-07-31,2.47412500136757,-2.22734912976867,-1.90321101779532,-3.53230787814383,2.24606827532261,7.2226497284577
2020-08-31,2.53659891782886,-2.29913058403981,-2.11252226085245,-2.23321544103854,2.80813133450325,6.45212132195246
2020-09-30,2.59015663295537,-2.3862165354242,-1.7355028359994,-2.97336529765724,2.62005035352459,6.24773655242872
2020-10-30,3.24494416191999,-3.00877618759366,-3.04659419138123,-3.2728172868547,2.65794672079201,10.5629179488432
2020-11-30,3.21726454184382,-3.02006162009168,-2.92914651275455,-3.33235219776182,2.78382462165125,11.4244385386655
2020-12-31,4.94823220551378,-4.72231698071467,-4.57518775002037,-7.37561726879071,3.10154266702414,17.9787502475882
2021-01-29,5.6969643437689,-5.47932159322204,-5.35567107887196,-8.76380716726639,2.98668171682427,19.1208950239346
2021-02-26,2.81100788710185,-2.53757938366708,-3.89902202146297,-0.278394446691643,1.89603779950288,9.08587286072948
2021-03-31,6.4149595253425,-6.13233246250495,-6.86070816409871,-9.7379730982916,2.12607867641489,17.9328789601435
2021-04-30,6.83479255822296,-6.60588714966867,-6.75875224237955,-11.1809997192034,2.28122320322548,17.9407229850418
2021-05-28,5.58875797928233,-5.35575406530924,-6.05825617030991,-7.74517403095444,2.30217488800414,20.0834031248599
2021-06-30,2.68970053379652,-2.5593748834499,-2.91778935588367,-0.894930417849397,1.64528797631266,5.42382674838425
2021-07-30,2.56143033634605,-2.41190461650087,-2.44766671646069,-1.72170046978219,1.5776633779798,4.15370781348473
2021-08-31,2.5865975167656,-2.40675626736404,-2.73542847851824,-1.68788613574263,1.42490471568724,4.64145770756541
2021-09-30,2.75260584922315,-2.52785713857219,-3.36249448217389,-1.302580191489,1.31914581892786,6.25652308495831
2021-10-29,2.34373541054154,-2.24990775066244,-2.49492426045679,-0.776664480228957,1.01796785064316,4.45288046585667
2021-11-30,2.23193592764242,-1.92828085179484,-2.74105617214882,-1.24901060560285,0.778872499025609,4.2600655321451
2021-12-31,2.42465836858083,-2.48789360451852,156.616457473647,-156.337836770069,3.28465576359461,3.30749746612141
2022-01-31,2.51305879196888,-2.36559235244228,152.443827084283,-151.870082970343,2.47614901664723,2.49678082459974
2022-02-28,2.69733804009721,-2.45347296632287,243.678515935557,-243.183959104105,2.22604016445992,2.24686597922435
2022-03-31,2.78353462625043,-2.64300082536297,8.67274101709036,-6.03537515846333,1.55102048640277,2.41820009891741
2022-04-29,3.2990752273588,-2.84808717146365,3.38817024964552,-1.52652447967734,1.06105991558359,3.34978755196816
2022-05-31,3.70500329964339,-2.5902424624729,268.299529448284,-267.262283459372,2.34606274728325,2.36897934340565
2022-06-30,3.52532052251814,-4.78931083496245,0.098002937794276,-1.46794561093336,0.10000538281766,3.12068631091264
2022-07-29,3.9816085403974,-1.07918873601374,369.349356312957,-371.974240904899,2.99427457542432,3.01215424688463
2022-08-31,3.96919016008399,-0.836601244422863,340.042204876572,-340.9221283259,2.74467222508117,2.7633277490871
2022-09-30,4.16041527018538,-0.335922832739662,5.20452755303816,-4.77657558122019,1.78279279222622,2.65918949660418
2022-10-31,4.80033523803476,-0.746308561606903,1.28060300813334,-2.21039387263443,0.543203001406257,4.30168894839024
2022-11-30,0.000122743961926886,5.06257906620658,-30.0300085739232,35.8741954120316,8.22259582786105,10.68937177301
2022-12-30,3.95812666292673e-06,5.05669120514791,-169.651342441383,175.470340786573,9.10233964222207,9.54062325103228
2023-01-31,0.543006867667593,4.78168952918787,0.000740890443071566,9.49160017495889,2.19632878096817,16.7940933131292
2023-02-28,3.3121313711143,0.300597946546063,5.43505753548014,2.21161937540628,0.53970562221086,24.7524983386892
2023-03-31,4.20272409114637,1.14402753931645,-1.12266702758869,-2.36795756284255,1.42397496267056,4.23636161032521
2023-04-28,4.22069293921527,1.51641831479721,-2.56688956384973,-1.95986263996212,1.69942847435632,4.64241213941766
2023-05-31,1.70944358603021,4.41304524079075,-0.20529645431377,6.89802317555384,1.4284088396494,17.1773147565491
2023-06-30,4.2884540973602,-0.957177550231468,5.79915396092919,-2.20774161525932,0.398368798662537,4.60614066616967
2023-07-31,4.25771308403555,1.4049880707189,9925.52745212531,-9926.94373630387,1.71414947795679,1.714472779363
2023-08-31,0.00164512454836896,5.90542532217976,-0.0260634632698001,12.5071907159002,2.54758793749803,15.73053233196
2023-09-29,3.28847144437,1.67943337156852,3.83229751448715,4.9101064191711,0.582004383582019,15.3710156634675
2023-10-31,2.52221508336875,3.33861301094006,0.000119732576810909,8.07096914147077,1.66640012285903,13.1583693966609
2023-11-30,1.48953137998406,4.28776296172886,-0.00019661573720232,9.6637076939555,1.73344574370531,13.6459878163471
2023-12-29,2.71331367109837,3.04304937647596,-4.78621559536457e-05,4.6383755181423,0.935424529647492,17.6021435450213
2024-01-31,2.77352888705271,2.89494044725305,6.57554196274682e-05,5.22421692988316,0.92913710774375,19.3189722488914
2024-02-29,2.45817440296431,3.06785541532961,-9.2140478562743e-05,6.14816273839005,1.64346803694875,15.5447950164471
2024-03-28,2.30617185264272,3.21520211877622,0.000354513650233499,6.49640689656467,1.79391794793064,17.0585023070271
2024-04-30,2.22044607640277e-14,5.41373671548647,1.81642025772311,13.9241314166953,2.61521621373422,16.64474987225
2024-05-31,3.59170756009166,1.4669099837725,2.31616309590916,3.59062542489601,0.640953156065859,19.1449064799361
2024-06-28,2.23733996930105,3.35212306973791,-4.92593869876933e-05,7.1509033729423,1.80915258948288,15.9157121778716
2024-07-31,2.51475012853092,3.00895987378684,-1.44656249632585e-05,6.28688390241322,1.14031042499237,17.9148552668668
2024-08-30,4.77055671441905,0.729178277946686,-1.9426462553785,-2.86579891708572,0.902377839254897,3.16069975337781
2024-09-30,4.77308043399147,0.430971507426363,-2.39601166891032,-3.09779430315821,0.739817890577929,3.30935598146853
2024-10-31,3.60852265889477,1.1080422645266,-2.89557242209362e-05,3.31823238492475,0.675804270454953,19.1704845107248
2024-11-29,1.95150721061784,2.62388122022256,-0.000310724130876112,7.7417822230439,2.25565005367794,15.2855424507145
2024-12-31,1.03704884306069e-05,4.17870676807202,-63.4489989914899,73.5574965696228,12.2131143496418,13.2181648712933
2025-01-31,3.86456115482984,0.500354229018614,-1.1779529912189e-05,3.71493223857278,0.609663696495426,18.6417198642884
2025-02-28,3.38239271393464,1.06444272253698,3.34588125051062e-05,4.3114875282879,0.767301405556937,19.3521664323374
2025-03-31,3.00735979385961,1.37334616137516,-6.71745501145726e-06,5.77151464021931,0.941618848059806,17.9080651733507
2025-04-30,2.23640118431269,2.41581587835644,-0.103795321178417,8.57557948628385,0.79145651783596,15.6809489309729
2025-05-30,1.84320914385195,2.72986631855716,4.29436180678117e-05,10.4898896047627,1.33075140051388,15.016949245835
2025-06-30,2.08649916193687,2.55078221059177,2.07952159773838e-05,9.40515021069985,0.97104477467534,16.0404856873531
2025-07-31,1.94965715774858,2.64317737912117,4.72115720695946e-05,9.9828523947037,1.35009773105163,15.7152504642289
2025-08-29,1.23450680248122,3.06455708317937,-9.8868456907515e-05,12.5416478197236,1.41954866344894,15.9322921776121
2025-09-30,1.96349140989063,1.99879911634489,5.98735021298569e-05,9.55603746104329,1.48146480502864,16.5355306584433
2025-10-31,1.83173892594688,2.12195929372016,-8.54309882564018e-06,9.68691995587714,1.57535646356836,16.2396691286111
2025-11-28,1.25348155868232,2.66057371757551,9.02279504353378e-05,11.5415301014513,1.74067682693399,16.23380849163
2025-12-31,2.32872500773998,1.37315836124228,-6.39375162780621e-05,9.12988977599098,1.2166361080738,18.086571283358
2026-01-30,2.73223428673321,1.11589795429641,-2.23283857117987e-05,7.97100821589802,0.706486109134989,18.5208097649536
2026-02-27,1.61524750808686,2.17223429702024,-4.23501121528157e-07,10.4758895855166,1.45929275154091,16.868433782271
2026-03-31,6.28173454416498e-05,3.77944532044017,-74.7005888329176,85.6056284763541,9.8440575378179,10.86899126686
2026-04-30,0.000596692125308571,3.75467930296693,-573.660711760066,584.934295744725,11.2790130239266,11.4239019227115
2026-05-29,0.00139418784580824,3.8272067545822,-475.400367687315,486.754857067576,13.2819854033849,13.4591457875885
2026-06-30,1.77427629201524e-10,4.06996715176281,-461.953317384163,472.557563149139,12.2529188743714,12.4384407166791
2026-07-31,0.00333568845488353,4.07984987183707,-453.541782211023,465.498100569302,13.5322235142735,13.7200141026744
2026-08-31,0.00195532132102641,4.11798477156188,-351.710355811209,363.591764569964,16.3787914951728,16.629880968235
2026-09-25,2.22044605712841e-14,3.97814920828024,5.14227802330804,16.6601016755639,1.8149935364357,15.5231286260031
