# Generated by data/src/nzz.ts from data/manual/raw/nzz-readings*.csv. Do not edit by hand; change the readings or the spec.
# Ciba-Geigy bearer share, month-end close in CHF on the share basis of 1996.
# Divisor 5 until June 1992: the paper shows 3320 on 30.6.1992 and 662 on 31.7.1992 with the year range restated (1-for-5 split).
# Last quote 1611 on 29.11.1996, before the merger with Sandoz into Novartis.
# income: dividends were not collected for the NZZ part; the column is 0 there.
month,price,income
1980-01,245,0
1980-02,232,0
1980-03,195,0
1980-04,214,0
1980-05,213,0
1980-06,230,0
1980-07,224,0
1980-08,223,0
1980-09,209,0
1980-10,203,0
1980-11,192,0
1980-12,200,0
1981-01,198,0
1981-02,209,0
1981-03,232,0
1981-04,235,0
1981-05,232,0
1981-06,254,0
1981-07,255,0
1981-09,209,0
1981-10,220,0
1981-11,243,0
1981-12,256,0
1982-01,247,0
1982-02,255,0
1982-03,254,0
1982-04,260,0
1982-06,243,0
1982-07,246,0
1982-08,257,0
1982-09,255,0
1982-10,276,0
1982-11,281,0
1982-12,322,0
1983-01,338,0
1983-02,365,0
1983-03,365,0
1983-04,403,0
1983-05,386,0
1983-06,407,0
1983-07,409,0
1983-08,399,0
1983-09,400,0
1983-10,434,0
1983-11,470,0
1984-01,442,0
1984-02,453,0
1984-03,446,0
1984-04,458,0
1984-05,440,0
1984-06,437,0
1984-07,453,0
1984-08,488,0
1984-09,499,0
1984-10,510,0
1984-11,491,0
1985-01,560,0
1985-02,578,0
1985-03,570,0
1985-04,605,0
1985-05,644,0
1985-06,640,0
1985-07,659,0
1985-08,679,0
1985-09,615,0
1985-10,700,0
1985-11,721,0
1985-12,800,0
1986-01,755,0
1986-02,770,0
1986-04,725,0
1986-05,710,0
1986-06,702,0
1986-07,580,0
1986-08,710,0
1986-09,690,0
1986-10,720,0
1986-11,702,0
1986-12,714,0
1987-01,645,0
1987-02,600,0
1987-03,660,0
1987-04,616,0
1987-05,633,0
1987-06,738,0
1987-07,798,0
1987-08,759,0
1987-09,832,0
1987-10,623,0
1987-11,535,0
1987-12,540,0
1988-01,525,0
1988-02,580,0
1988-03,540,0
1988-04,578,0
1988-05,620,0
1988-06,678,0
1988-07,659,0
1988-08,658,0
1988-09,678,0
1988-10,695,0
1988-11,542,0
1989-01,604,0
1989-02,630,0
1989-03,695,0
1989-04,704,0
1989-05,712,0
1989-06,778,0
1989-07,840,0
1989-08,901,0
1989-09,832,0
1989-10,752,0
1989-11,758,0
1990-01,723,0
1990-02,644,0
1990-03,584,0
1990-04,580,0
1990-05,680,0
1990-06,690,0
1990-07,640,0
1990-08,518,0
1990-09,470,0
1990-10,460,0
1990-11,472,0
1991-01,492,0
1991-02,566,0
1991-03,556,0
1991-04,546,0
1991-05,590,0
1991-06,590,0
1991-07,590,0
1991-08,620,0
1991-09,616,0
1991-10,648,0
1991-11,604,0
1991-12,638,0
1992-01,646,0
1992-02,682,0
1992-03,698,0
1992-04,714,0
1992-05,704,0
1992-06,664,0
1992-07,662,0
1992-08,634,0
1992-09,626,0
1992-10,607,0
1992-11,609,0
1992-12,670,0
1993-01,668,0
1993-02,635,0
1993-03,644,0
1993-04,620,0
1993-06,721,0
1993-07,720,0
1993-08,747,0
1993-09,717,0
1993-10,800,0
1993-11,825,0
1993-12,940,0
1994-01,965,0
1994-02,871,0
1994-03,910,0
1994-04,881,0
1994-06,814,0
1994-07,785,0
1994-08,808,0
1994-09,728,0
1994-10,741,0
1994-11,777,0
1994-12,783,0
1995-01,767,0
1995-02,784,0
1995-03,756,0
1995-04,782,0
1995-05,830,0
1995-06,843,0
1995-07,853,0
1995-08,855,0
1995-09,923,0
1995-10,980,0
1995-11,1043,0
1996-01,1006,0
1996-02,1067,0
1996-03,1475,0
1996-04,1433,0
1996-05,1373,0
1996-06,1518,0
1996-07,1413,0
1996-08,1515,0
1996-09,1597,0
1996-10,1550,0
1996-11,1611,0
