month,close,dividend,currency
2000-01,1458.3333740234375,0,JPY
2000-02,2222.208251953125,0,JPY
2000-03,1270.8333740234375,0.833333,JPY
2000-04,1108.3333740234375,0,JPY
2000-05,687.5,0,JPY
2000-06,600,0,JPY
2000-07,381.25,0,JPY
2000-08,587.0833129882812,0,JPY
2000-09,420.8333435058594,0,JPY
2000-10,272.9166564941406,0,JPY
2000-11,241.25,0,JPY
2000-12,165.4166717529297,0,JPY
2001-01,289.5833435058594,0,JPY
2001-02,218.3333282470703,0,JPY
2001-03,195.8333282470703,0.291667,JPY
2001-04,195.8333282470703,0,JPY
2001-05,188.3333282470703,0,JPY
2001-06,170.4166717529297,0,JPY
2001-07,130.8333282470703,0,JPY
2001-08,96.25,0,JPY
2001-09,87.91666412353516,0,JPY
2001-10,109.16666412353516,0,JPY
2001-11,111.66666412353516,0,JPY
2001-12,88.33333587646484,0,JPY
2002-01,82.5,0,JPY
2002-02,75.125,0,JPY
2002-03,98.95833587646484,0.291667,JPY
2002-04,81.25,0,JPY
2002-05,81.25,0,JPY
2002-06,69.33333587646484,0,JPY
2002-07,56.25,0,JPY
2002-08,51.58333206176758,0,JPY
2002-09,49.08333206176758,0,JPY
2002-10,38.83333206176758,0,JPY
2002-11,57.916664123535156,0,JPY
2002-12,56.45833206176758,0,JPY
2003-01,64.29166412353516,0,JPY
2003-02,65.08333587646484,0,JPY
2003-03,57.5,0.291667,JPY
2003-04,55.70833206176758,0,JPY
2003-05,66.58333587646484,0,JPY
2003-06,94.79166412353516,0,JPY
2003-07,145,0,JPY
2003-08,142.5,0,JPY
2003-09,196.6666717529297,0,JPY
2003-10,235.4166717529297,0,JPY
2003-11,172.9166717529297,0,JPY
2003-12,136.6666717529297,0,JPY
2004-01,156.25,0,JPY
2004-02,168.3333282470703,0,JPY
2004-03,202.9166717529297,0.291667,JPY
2004-04,208.3333282470703,0,JPY
2004-05,195.8333282470703,0,JPY
2004-06,200,0,JPY
2004-07,163.3333282470703,0,JPY
2004-08,195,0,JPY
2004-09,212.9166717529297,0,JPY
2004-10,200,0,JPY
2004-11,211.6666717529297,0,JPY
2004-12,207.9166717529297,0,JPY
2005-01,204.1666717529297,0,JPY
2005-02,188.75,0,JPY
2005-03,184.1666717529297,0.291667,JPY
2005-04,175.8333282470703,0,JPY
2005-05,162.9166717529297,0,JPY
2005-06,181.25,0,JPY
2005-07,192.0833282470703,0,JPY
2005-08,233.75,0,JPY
2005-09,262.5,0,JPY
2005-10,272.9166564941406,0,JPY
2005-11,401.6666564941406,0,JPY
2005-12,622.5,0,JPY
2006-01,493.75,0,JPY
2006-02,450,0,JPY
2006-03,431.25,0.3125,JPY
2006-04,366.25,0,JPY
2006-05,340,0,JPY
2006-06,320.625,0,JPY
2006-07,263.125,0,JPY
2006-08,255,0,JPY
2006-09,305.625,0,JPY
2006-10,320,0,JPY
2006-11,303.125,0,JPY
2006-12,289.375,0,JPY
2007-01,353.125,0,JPY
2007-02,374.375,0,JPY
2007-03,378.75,0.3125,JPY
2007-04,324.375,0,JPY
2007-05,335.625,0,JPY
2007-06,332.5,0,JPY
2007-07,314.375,0,JPY
2007-08,278.125,0,JPY
2007-09,265,0,JPY
2007-10,333.75,0,JPY
2007-11,318.125,0,JPY
2007-12,288.75,0,JPY
2008-01,242.5,0,JPY
2008-02,259.375,0,JPY
2008-03,225.875,0.3125,JPY
2008-04,262.5,0,JPY
2008-05,232.625,0,JPY
2008-06,223.75,0,JPY
2008-07,248.5,0,JPY
2008-08,227,0,JPY
2008-09,167.875,0,JPY
2008-10,118.75,0,JPY
2008-11,162.75,0,JPY
2008-12,200.375,0,JPY
2009-01,176.75,0,JPY
2009-02,150,0,JPY
2009-03,157,0.3125,JPY
2009-04,193.75,0,JPY
2009-05,216.875,0,JPY
2009-06,235.25,0,JPY
2009-07,251.875,0,JPY
2009-08,260.625,0,JPY
2009-09,246.625,0,JPY
2009-10,271.875,0,JPY
2009-11,258.75,0,JPY
2009-12,271.25,0,JPY
2010-01,287.625,0,JPY
2010-02,290.875,0,JPY
2010-03,287.875,0.625,JPY
2010-04,263.75,0,JPY
2010-05,272.625,0,JPY
2010-06,296.375,0,JPY
2010-07,323.125,0,JPY
2010-08,301.375,0,JPY
2010-09,341.375,0,JPY
2010-10,323.75,0,JPY
2010-11,363.125,0,JPY
2010-12,351.375,0,JPY
2011-01,352.875,0,JPY
2011-02,419.375,0,JPY
2011-03,415,0.625,JPY
2011-04,423.75,0,JPY
2011-05,393.125,0,JPY
2011-06,378.75,0,JPY
2011-07,376.25,0,JPY
2011-08,316,0,JPY
2011-09,286.5,0,JPY
2011-10,323.5,0,JPY
2011-11,318.375,0,JPY
2011-12,283.375,0,JPY
2012-01,265.375,0,JPY
2012-02,302.625,0,JPY
2012-03,305.875,5,JPY
2012-04,299.5,0,JPY
2012-05,306.25,0,JPY
2012-06,369.125,0,JPY
2012-07,376.375,0,JPY
2012-08,398.75,0,JPY
2012-09,395,2.5,JPY
2012-10,315.875,0,JPY
2012-11,386.25,0,JPY
2012-12,392.5,0,JPY
2013-01,407.5,0,JPY
2013-02,429.375,0,JPY
2013-03,542.5,2.5,JPY
2013-04,603.125,0,JPY
2013-05,646.25,0,JPY
2013-06,723.75,0,JPY
2013-07,780,0,JPY
2013-08,773.75,0,JPY
2013-09,848.75,2.5,JPY
2013-10,912.5,0,JPY
2013-11,1036.25,0,JPY
2013-12,1150,0,JPY
2014-01,945.375,0,JPY
2014-02,958.5,0,JPY
2014-03,975,2.5,JPY
2014-04,948.75,0,JPY
2014-05,918.125,0,JPY
2014-06,942.875,0,JPY
2014-07,946.5,0,JPY
2014-08,938.25,0,JPY
2014-09,961.125,2.5,JPY
2014-10,992.375,0,JPY
2014-11,995.375,0,JPY
2014-12,901.25,0,JPY
2015-01,870.375,0,JPY
2015-02,920.875,0,JPY
2015-03,872.5,2.5,JPY
2015-04,938.125,0,JPY
2015-05,930.875,0,JPY
2015-06,901.125,0,JPY
2015-07,860.125,0,JPY
2015-08,882.875,0,JPY
2015-09,684.625,2.5,JPY
2015-10,849.625,0,JPY
2015-11,817.125,0,JPY
2015-12,767.375,0,JPY
2016-01,658.125,0,JPY
2016-02,696.75,0,JPY
2016-03,670.75,2.625,JPY
2016-04,748.5,0,JPY
2016-05,778.5,0,JPY
2016-06,723.625,0,JPY
2016-07,712.875,0,JPY
2016-08,844.5,0,JPY
2016-09,815.25,2.75,JPY
2016-10,825.25,0,JPY
2016-11,839,0,JPY
2016-12,970.625,0,JPY
2017-01,1087.625,0,JPY
2017-02,1045.25,0,JPY
2017-03,982.75,2.75,JPY
2017-04,1055.25,0,JPY
2017-05,1125.375,0,JPY
2017-06,1137.125,0,JPY
2017-07,1119.75,0,JPY
2017-08,1115.25,0,JPY
2017-09,1135.5,2.75,JPY
2017-10,1243.375,0,JPY
2017-11,1185.625,0,JPY
2017-12,1115,0,JPY
2018-01,1122.5,0,JPY
2018-02,1111.875,0,JPY
2018-03,993.75,2.75,JPY
2018-04,1062.625,0,JPY
2018-05,970.625,0,JPY
2018-06,996.625,0,JPY
2018-07,1157.5,0,JPY
2018-08,1287.5,0,JPY
2018-09,1433.75,2.75,JPY
2018-10,1131,0,JPY
2018-11,1190.75,0,JPY
2018-12,913.125,0,JPY
2019-01,1065.75,0,JPY
2019-02,1285,0,JPY
2019-03,1343.125,2.75,JPY
2019-04,1444.375,0,JPY
2019-05,1281.25,0,JPY
2019-06,1291.25,0,JPY
2019-07,1407,0,JPY
2019-08,1206,0,JPY
2019-09,1060,5.5,JPY
2019-10,1047.5,0,JPY
2019-11,1063.25,0,JPY
2019-12,1189,0,JPY
2020-01,1131,0,JPY
2020-02,1253.25,0,JPY
2020-03,947,5.5,JPY
2020-04,1158.25,0,JPY
2020-05,1208,0,JPY
2020-06,1362.5,0,JPY
2020-07,1648.75,0,JPY
2020-08,1649.5,0,JPY
2020-09,1617.25,5.5,JPY
2020-10,1698.25,0,JPY
2020-11,1818,0,JPY
2020-12,2014.5,0,JPY
2021-01,2027,0,JPY
2021-02,2473.75,0,JPY
2021-03,2332.5,5.5,JPY
2021-04,2471.25,0,JPY
2021-05,2064,0,JPY
2021-06,1943.75,0,JPY
2021-07,1709.25,0,JPY
2021-08,1545.25,0,JPY
2021-09,1620,5.5,JPY
2021-10,1541,0,JPY
2021-11,1507.5,0,JPY
2021-12,1358.5,0,JPY
2022-01,1252.75,0,JPY
2022-02,1281.25,0,JPY
2022-03,1389.75,5.5,JPY
2022-04,1317.25,0,JPY
2022-05,1344.75,0,JPY
2022-06,1308.75,0,JPY
2022-07,1401.25,0,JPY
2022-08,1390.5,0,JPY
2022-09,1225,5.5,JPY
2022-10,1600,0,JPY
2022-11,1488,0,JPY
2022-12,1411,0,JPY
2023-01,1536,0,JPY
2023-02,1379.25,0,JPY
2023-03,1295.5,5.5,JPY
2023-04,1273.5,0,JPY
2023-05,1368.75,0,JPY
2023-06,1693.25,0,JPY
2023-07,1810.5,0,JPY
2023-08,1636.25,0,JPY
2023-09,1583.75,5.5,JPY
2023-10,1531,0,JPY
2023-11,1505,0,JPY
2023-12,1573.25,0,JPY
2024-01,1615,0,JPY
2024-02,2197.5,0,JPY
2024-03,2235.5,5.5,JPY
2024-04,1978.75,0,JPY
2024-05,2260.5,0,JPY
2024-06,2597.5,0,JPY
2024-07,2290.5,0,JPY
2024-08,2101.25,0,JPY
2024-09,2106.75,5.5,JPY
2024-10,2374.5,0,JPY
2024-11,2234,0,JPY
2024-12,2296.25,0,JPY
2025-01,2352.75,0,JPY
2025-02,2068.25,0,JPY
2025-03,1869.75,5.5,JPY
2025-04,1791,0,JPY
2025-05,1903.5,0,JPY
2025-06,2628.75,0,JPY
2025-07,2952.5,0,JPY
2025-08,4057.5,0,JPY
2025-09,4671.25,5.5,JPY
2025-10,6766.25,0,JPY
2025-11,4206.25,0,JPY
2025-12,4400,0,JPY
2026-01,4253,0,JPY
2026-02,4089,0,JPY
2026-03,3555,5.5,JPY
2026-04,5219,0,JPY
2026-05,7491,0,JPY
2026-06,5963,0,JPY
2026-07,5260,0,JPY
2026-08,5200,0,JPY
2026-09,6430,5.5,JPY
