month,close,dividend,maxdiv,currency
1980-03,1.1417670249938965,0,0,USD
1980-04,1.1456769704818726,0,0,USD
1980-05,1.0557429790496826,0,0,USD
1980-06,1.1886889934539795,0,0,USD
1980-07,1.4702199697494507,0,0,USD
1980-08,1.4467589855194092,0,0,USD
1980-09,1.4467589855194092,0,0,USD
1980-10,1.415477991104126,0,0,USD
1980-11,1.3920170068740845,0,0,USD
1980-12,1.3138140439987183,0,0,USD
1981-01,1.282533049583435,0,0,USD
1981-02,1.282533049583435,0,0,USD
1981-03,1.3607360124588013,0,0,USD
1981-04,1.3998370170593262,0,0,USD
1981-05,1.3920170068740845,0,0,USD
1981-06,1.4702199697494507,0,0,USD
1981-07,1.3607360124588013,0,0,USD
1981-08,1.4389389753341675,0,0,USD
1981-09,1.3177239894866943,0,0,USD
1981-10,1.2903529405593872,0,0,USD
1981-11,1.4975910186767578,0,0,USD
1981-12,1.4780410528182983,0,0,USD
1982-01,1.4702199697494507,0,0,USD
1982-02,1.4936809539794922,0,0,USD
1982-03,1.3998370170593262,0,0,USD
1982-04,1.3450950384140015,0,0,USD
1982-05,1.3138140439987183,0,0,USD
1982-06,1.3138140439987183,0,0,USD
1982-07,1.4076579809188843,0,0,USD
1982-08,1.282533049583435,0,0,USD
1982-09,1.4702199697494507,0,0,USD
1982-10,1.5875250101089478,0,0,USD
1982-11,1.5484230518341064,0,0,USD
1982-12,1.5015020370483398,0,0,USD
1983-01,1.579704999923706,0,0,USD
1983-02,1.5562440156936646,0,0,USD
1983-03,1.5640640258789062,0,0,USD
1983-04,1.5953450202941895,0,0,USD
1983-05,1.4389389753341675,0,0,USD
1983-06,1.458490014076233,0,0,USD
1983-07,1.4389389753341675,0,0,USD
1983-08,1.4311189651489258,0,0,USD
1983-09,1.5171420574188232,0,0,USD
1983-10,1.532783031463623,0,0,USD
1983-11,1.5562440156936646,0,0,USD
1983-12,1.626626968383789,0,0,USD
1984-01,1.6813689470291138,0,0,USD
1984-02,1.6579079627990723,0,0,USD
1984-03,1.6579079627990723,0,0,USD
1984-04,1.6579079627990723,0,0,USD
1984-05,1.5171420574188232,0,0,USD
1984-06,1.5171420574188232,0,0,USD
1984-07,1.4389389753341675,0,0,USD
1984-08,1.5132319927215576,0,0,USD
1984-09,1.4702199697494507,0,0,USD
1984-10,1.6579079627990723,0,0,USD
1984-11,1.5953450202941895,0,0,USD
1984-12,1.5875250101089478,0,0,USD
1985-01,1.7204699516296387,0,0,USD
1985-02,1.5640640258789062,0,0,USD
1985-03,1.8455959558486938,0,0,USD
1985-04,1.8143140077590942,0,0,USD
1985-05,1.8221349716186523,0,0,USD
1985-06,1.876876950263977,0,0,USD
1985-07,1.876876950263977,0,0,USD
1985-08,1.8143140077590942,0,0,USD
1985-09,1.8143140077590942,0,0,USD
1985-10,2.1584079265594482,0,0,USD
1985-11,2.314815044403076,0,0,USD
1985-12,2.5181429386138916,0,0,USD
1986-01,2.4399399757385254,0,0,USD
1986-02,2.4868619441986084,0,0,USD
1986-03,3.00691294670105,0,0,USD
1986-04,3.1906909942626953,0,0,USD
1986-05,3.1281280517578125,0,0,USD
1986-06,3.2376129627227783,0,0,USD
1986-07,3.2063310146331787,0,0,USD
1986-08,3.566066026687622,0,0,USD
1986-09,3.2688939571380615,0,0,USD
1986-10,3.3470969200134277,0,0,USD
1986-11,3.675550937652588,0,0,USD
1986-12,4.129128932952881,0,0,USD
1987-01,4.457582950592041,0,0,USD
1987-02,4.817317008972168,0,0,USD
1987-03,5.255255222320557,0,0,USD
1987-04,5.693192958831787,0.086305,0.086305,USD
1987-05,6.2406158447265625,0,0,USD
1987-06,6.8036789894104,0,0,USD
1987-07,6.784128189086914,0,0,USD
1987-08,6.54951810836792,0,0,USD
1987-09,6.490866184234619,0,0,USD
1987-10,5.3178181648254395,0,0,USD
1987-11,4.926802158355713,0.047235,0.047235,USD
1987-12,5.513326168060303,0,0,USD
1988-01,5.630630970001221,0,0,USD
1988-02,5.708834171295166,0,0,USD
1988-03,5.552426815032959,0,0,USD
1988-04,5.356918811798096,0.112613,0.112613,USD
1988-05,5.122310161590576,0,0,USD
1988-06,5.083208084106445,0,0,USD
1988-07,5.161410808563232,0,0,USD
1988-08,4.653090953826904,0,0,USD
1988-09,4.907250881195068,0,0,USD
1988-10,5.356918811798096,0,0,USD
1988-11,5.239614963531494,0,0,USD
1988-12,5.161410808563232,0.040666,0.040666,USD
1989-01,5.845688819885254,0.049268,0.049268,USD
1989-02,5.826138973236084,0,0,USD
1989-03,5.611080169677734,0,0,USD
1989-04,5.787036895751953,0.129505,0.129505,USD
1989-05,5.454672813415527,0,0,USD
1989-06,5.787036895751953,0,0,USD
1989-07,6.666822910308838,0,0,USD
1989-08,6.627720832824707,0,0,USD
1989-09,6.412662982940674,0,0,USD
1989-10,6.490866184234619,0,0,USD
1989-11,6.920982837677002,0.059591,0.059591,USD
1989-12,7.4684062004089355,0,0,USD
1990-01,7.096940994262695,0,0,USD
1990-02,6.608170986175537,0,0,USD
1990-03,6.960084915161133,0,0,USD
1990-04,6.354010105133057,0.172203,0.172203,USD
1990-05,7.272898197174072,0,0,USD
1990-06,7.820320129394531,0,0,USD
1990-07,8.230887413024902,0,0,USD
1990-08,7.507507801055908,0,0,USD
1990-09,7.272898197174072,0,0,USD
1990-10,8.054929733276367,0,0,USD
1990-11,8.133132934570312,0.064752,0.064752,USD
1990-12,8.328640937805176,0,0,USD
1991-01,8.328640937805176,0,0,USD
1991-02,8.485048294067383,0,0,USD
1991-03,8.34819221496582,0,0,USD
1991-04,7.97672700881958,0.163288,0.163288,USD
1991-05,8.230887413024902,0,0,USD
1991-06,7.566160202026367,0,0,USD
1991-07,7.996277809143066,0,0,USD
1991-08,7.898523807525635,0,0,USD
1991-09,8.563250541687012,0,0,USD
1991-10,8.661005020141602,0,0,USD
1991-11,9.169325828552246,0.063345,0.063345,USD
1991-12,10.440128326416016,0,0,USD
1992-01,10.322822570800781,0,0,USD
1992-02,10.322822570800781,0,0,USD
1992-03,9.677645683288574,0,0,USD
1992-04,10.16641616821289,0.202546,0.202546,USD
1992-05,10.420577049255371,0,0,USD
1992-06,11.143956184387207,0,0,USD
1992-07,11.222160339355469,0,0,USD
1992-08,11.515421867370605,0,0,USD
1992-09,11.632725715637207,0,0,USD
1992-10,10.733389854431152,0,0,USD
1992-11,10.0686616897583,0.066786,0.066786,USD
1992-12,10.557432174682617,0,0,USD
1993-01,10.342373847961426,0,0,USD
1993-02,10.713838577270508,0,0,USD
1993-03,11.319913864135742,0,0,USD
1993-04,10.557432174682617,0.183621,0.183621,USD
1993-05,9.970908164978027,0,0,USD
1993-06,9.677645683288574,0,0,USD
1993-07,9.012919425964355,0,0,USD
1993-08,10.127314567565918,0,0,USD
1993-09,9.892704963684082,0,0,USD
1993-10,10.772491455078125,0,0,USD
1993-11,10.635636329650879,0,0,USD
1993-12,11.065752983093262,0.070383,0.070383,USD
1994-01,11.378565788269043,0,0,USD
1994-02,10.811593055725098,0,0,USD
1994-03,9.5798921585083,0,0,USD
1994-04,10.244620323181152,0.218813,0.218813,USD
1994-05,9.618993759155273,0,0,USD
1994-06,9.306180953979492,0,0,USD
1994-07,9.618993759155273,0,0,USD
1994-08,10.948448181152344,0,0,USD
1994-09,11.046201705932617,0,0,USD
1994-10,11.515421867370605,0,0,USD
1994-11,10.967999458312988,0,0,USD
1994-12,11.398117065429688,0.064909,0.064909,USD
1995-01,11.574073791503906,0,0,USD
1995-02,11.632725715637207,0,0,USD
1995-03,12.512513160705566,0,0,USD
1995-04,12.297453880310059,0.251502,0.251502,USD
1995-05,12.121496200561523,0,0,USD
1995-06,12.629817008972168,0,0,USD
1995-07,12.76667308807373,0,0,USD
1995-08,11.730480194091797,0,0,USD
1995-09,12.512513160705566,0,0,USD
1995-10,12.043292999267578,0,0,USD
1995-11,12.199700355529785,0.086962,0.086962,USD
1995-12,13.216341018676758,0,0,USD
1996-01,12.981732368469238,0,0,USD
1996-02,11.750031471252441,0,0,USD
1996-03,11.847784996032715,0,0,USD
1996-04,11.691378593444824,0.270427,0.270427,USD
1996-05,11.808684349060059,0,0,USD
1996-06,12.629817008972168,0,0,USD
1996-07,12.141046524047852,0,0,USD
1996-08,12.76667308807373,0,0,USD
1996-09,13.607357025146484,0,0,USD
1996-10,13.411849021911621,0,0,USD
1996-11,14.995464324951172,0.132476,0.132476,USD
1996-12,15.249625205993652,0,0,USD
1997-01,14.076577186584473,0,0,USD
1997-02,16.22716522216797,0,0,USD
1997-03,16.38357162475586,0,0,USD
1997-04,16.774587631225586,0.278091,0.278091,USD
1997-05,17.106950759887695,0,0,USD
1997-06,18.162694931030273,0,0,USD
1997-07,18.44618034362793,0,0,USD
1997-08,17.58594512939453,0,0,USD
1997-09,18.56348419189453,0,0,USD
1997-10,18.925174713134766,0,0,USD
1997-11,19.86361312866211,0.148273,0.148273,USD
1997-12,21.584083557128906,0,0,USD
1998-01,19.785409927368164,0,0,USD
1998-02,23.148147583007812,0,0,USD
1998-03,24.399398803710938,0,0,USD
1998-04,26.43268394470215,0.092593,0.092593,USD
1998-05,27.527528762817383,0,0,USD
1998-06,27.097410202026367,0,0,USD
1998-07,24.321195602416992,0,0,USD
1998-08,21.896896362304688,0,0,USD
1998-09,21.271270751953125,0,0,USD
1998-10,25.53334617614746,0,0,USD
1998-11,26.276275634765625,0.153278,0.153278,USD
1998-12,28.153152465820312,0,0,USD
1999-01,25.416040420532227,0,0,USD
1999-02,24.399398803710938,0,0,USD
1999-03,23.148147583007812,0,0,USD
1999-04,22.40521812438965,0.349725,0.349725,USD
1999-05,22.053302764892578,0,0,USD
1999-06,22.991741180419922,0,0,USD
1999-07,24.08658790588379,0,0,USD
1999-08,24.0474853515625,0,0,USD
1999-09,24.0474853515625,0,0,USD
1999-10,23.265453338623047,0,0,USD
1999-11,18.573261260986328,0.178929,0.178929,USD
1999-12,18.925174713134766,0,0,USD
2000-01,16.109859466552734,0,0,USD
2000-02,15.327828407287598,0,0,USD
2000-03,16.34446907043457,0,0,USD
2000-04,15.562437057495117,0.342843,0.342843,USD
2000-05,17.009197235107422,0,0,USD
2000-06,15.718844413757324,0,0,USD
2000-07,15.132320404052734,0,0,USD
2000-08,15.953453063964844,0,0,USD
2000-09,16.422672271728516,0,0,USD
2000-10,17.439313888549805,0,0,USD
2000-11,21.153966903686523,0.177678,0.177678,USD
2000-12,21.623186111450195,0,0,USD
2001-01,19.331832885742188,0,0,USD
2001-02,19.181682586669922,0,0,USD
2001-03,18.149398803710938,0,0,USD
2001-04,19.0002498626709,0.352227,0.352227,USD
2001-05,19.45695686340332,0,0,USD
2001-06,21.584083557128906,0,0,USD
2001-07,21.521522521972656,0,0,USD
2001-08,21.521522521972656,0,0,USD
2001-09,18.768768310546875,0,0,USD
2001-10,18.174423217773438,0,0,USD
2001-11,20.25775718688965,0,0,USD
2001-12,20.814565658569336,0,0,USD
2002-01,20.470470428466797,0,0,USD
2002-02,21.00225257873535,0,0,USD
2002-03,19.832332611083984,0,0,USD
2002-04,22.86661720275879,0,0,USD
2002-05,23.210710525512695,0.394144,0.394144,USD
2002-06,22.847848892211914,0,0,USD
2002-07,21.871871948242188,0,0,USD
2002-08,22.81031036376953,0,0,USD
2002-09,22.804054260253906,0,0,USD
2002-10,24.443193435668945,0,0,USD
2002-11,22.215965270996094,0.225851,0.225851,USD
2002-12,23.930179595947266,0,0,USD
2003-01,22.053302764892578,0,0,USD
2003-02,21.990741729736328,0,0,USD
2003-03,23.179428100585938,0,0,USD
2003-04,24.568317413330078,0,0,USD
2003-05,22.610109329223633,0.435435,0.435435,USD
2003-06,20.082582473754883,0,0,USD
2003-07,20.639389038085938,0,0,USD
2003-08,20.407907485961914,0,0,USD
2003-09,21.671672821044922,0,0,USD
2003-10,21.39639663696289,0,0,USD
2003-11,22.047046661376953,0.260886,0.260886,USD
2003-12,23.523523330688477,0,0,USD
2004-01,24.418167114257812,0,0,USD
2004-02,26.589088439941406,0,0,USD
2004-03,25.21271324157715,0,0,USD
2004-04,24.06781768798828,0,0,USD
2004-05,24.049049377441406,0.558058,0.558058,USD
2004-06,24.88113021850586,0,0,USD
2004-07,22.428678512573242,0,0,USD
2004-08,21.796796798706055,0,0,USD
2004-09,20.658157348632812,0,0,USD
2004-10,21.327577590942383,0,0,USD
2004-11,23.154403686523438,0.290916,0.290916,USD
2004-12,24.7247257232666,0,0,USD
2005-01,23.96146011352539,0,0,USD
2005-02,24.28053092956543,0,0,USD
2005-03,25.0250244140625,0,0,USD
2005-04,23.998998641967773,0,0,USD
2005-05,24.693443298339844,0.604354,0.604354,USD
2005-06,24.30555534362793,0,0,USD
2005-07,24.418167114257812,0,0,USD
2005-08,25.425424575805664,0,0,USD
2005-09,26.41391372680664,0,0,USD
2005-10,25.400400161743164,0,0,USD
2005-11,24.549549102783203,0.299049,0.299049,USD
2005-12,25.100099563598633,0,0,USD
2006-01,26.382633209228516,0,0,USD
2006-02,25.9947452545166,0,0,USD
2006-03,25.69444465637207,0,0,USD
2006-04,26.732982635498047,0,0,USD
2006-05,25.36035919189453,0.628754,0.628754,USD
2006-06,25.382883071899414,0,0,USD
2006-07,26.903152465820312,0,0,USD
2006-08,27.117116928100586,0,0,USD
2006-09,27.939189910888672,0,0,USD
2006-10,27.342342376708984,0,0,USD
2006-11,30.326576232910156,0.716216,0.716216,USD
2006-12,31.328828811645508,0,0,USD
2007-01,30.754505157470703,0,0,USD
2007-02,30.281532287597656,0,0,USD
2007-03,33.862613677978516,0,0,USD
2007-04,35.259010314941406,0,0,USD
2007-05,34.673423767089844,0.711712,0.711712,USD
2007-06,36.32883071899414,0,0,USD
2007-07,35.12387466430664,0,0,USD
2007-08,35.4504508972168,0,0,USD
2007-09,35.66441345214844,0,0,USD
2007-10,38.13063049316406,0,0,USD
2007-11,41.092342376708984,0.397523,0.397523,USD
2007-12,42.13964080810547,0,0,USD
2008-01,36.93693542480469,0,0,USD
2008-02,35.4504508972168,0,0,USD
2008-03,37.97297286987305,0,0,USD
2008-04,37.826576232910156,0,0,USD
2008-05,37.218467712402344,0.752252,0.752252,USD
2008-06,31.993242263793945,0,0,USD
2008-07,30.844594955444336,0,0,USD
2008-08,30.20270347595215,0,0,USD
2008-09,30.641891479492188,0,0,USD
2008-10,25.405405044555664,0,0,USD
2008-11,25.788288116455078,0.371622,0.371622,USD
2008-12,25.923423767089844,0,0,USD
2009-01,24.68468475341797,0,0,USD
2009-02,21.711711883544922,0,0,USD
2009-03,21.317567825317383,0,0,USD
2009-04,21.914413452148438,0,0,USD
2009-05,26.576576232910156,0.686937,0.686937,USD
2009-06,26.463964462280273,0,0,USD
2009-07,29.673423767089844,0,0,USD
2009-08,30.844594955444336,0,0,USD
2009-09,32.297298431396484,0,0,USD
2009-10,33.592342376708984,0,0,USD
2009-11,33.2545051574707,0.44482,0.44482,USD
2009-12,35.923423767089844,0,0,USD
2010-01,34.36936950683594,0,0,USD
2010-02,33.15315246582031,0.306306,0.306306,USD
2010-03,32.97297286987305,0,0,USD
2010-04,33.89639663696289,0,0,USD
2010-05,30.450450897216797,0.314189,0.314189,USD
2010-06,30.101350784301758,0,0,USD
2010-07,32.240989685058594,0,0,USD
2010-08,29.909910202026367,0.309685,0.309685,USD
2010-09,32.77027130126953,0,0,USD
2010-10,32.680179595947266,0,0,USD
2010-11,31.486486434936523,0.328829,0.328829,USD
2010-12,34.774776458740234,0,0,USD
2011-01,32.66891860961914,0,0,USD
2011-02,33.445945739746094,0.322072,0.322072,USD
2011-03,34.48198318481445,0,0,USD
2011-04,36.67792892456055,0,0,USD
2011-05,36.7004508972168,0.370495,0.370495,USD
2011-06,36.475223541259766,0,0,USD
2011-07,36.10360336303711,0,0,USD
2011-08,37.9954948425293,0.359234,0.359234,USD
2011-09,35.12387466430664,0,0,USD
2011-10,37.894142150878906,0,0,USD
2011-11,37.871620178222656,0.345721,0.345721,USD
2011-12,37.74774932861328,0,0,USD
2012-01,36.475223541259766,0,0,USD
2012-02,36.56531524658203,0.334459,0.334459,USD
2012-03,37.218467712402344,0,0,USD
2012-04,38.64864730834961,0,0,USD
2012-05,35.56306457519531,0.36036,0.36036,USD
2012-06,37.98423385620117,0,0,USD
2012-07,40.326576232910156,0,0,USD
2012-08,40.40540313720703,0.331081,0.331081,USD
2012-09,41.12612533569336,0,0,USD
2012-10,41.99324417114258,0,0,USD
2012-11,43.18693542480469,0.355856,0.355856,USD
2012-12,43.60360336303711,0,0,USD
2013-01,45.82207107543945,0,0,USD
2013-02,44.87612533569336,0.364865,0.364865,USD
2013-03,47.567569732666016,0,0,USD
2013-04,48.783782958984375,0,0,USD
2013-05,47.30855941772461,0.393018,0.393018,USD
2013-06,45.55180358886719,0,0,USD
2013-07,45.7545051574707,0,0,USD
2013-08,42.9954948425293,0.398649,0.398649,USD
2013-09,43.445945739746094,0,0,USD
2013-10,45.70945739746094,0,0,USD
2013-11,45.60810852050781,0.414414,0.414414,USD
2013-12,46.39639663696289,0,0,USD
2014-01,43.47972869873047,0,0,USD
2014-02,46.2049560546875,0.411036,0.411036,USD
2014-03,48.17567443847656,0,0,USD
2014-04,50.38288116455078,0,0,USD
2014-05,50.64189147949219,0.443694,0.443694,USD
2014-06,51.024776458740234,0,0,USD
2014-07,48.682430267333984,0,0,USD
2014-08,49.61711883544922,0.432432,0.432432,USD
2014-09,47.18468475341797,0,0,USD
2014-10,45.304054260253906,0,0,USD
2014-11,47.4549560546875,0.40991,0.40991,USD
2014-12,45.58558654785156,0,0,USD
2015-01,49.51576614379883,0,0,USD
2015-02,49.673423767089844,0.365991,0.365991,USD
2015-03,46.97072219848633,0,0,USD
2015-04,49.34684753417969,0.359234,0.359234,USD
2015-05,49.718467712402344,0,0,USD
2015-06,48.378379821777344,0,0,USD
2015-07,51.047298431396484,0,0,USD
2015-08,45.394142150878906,0.369369,0.369369,USD
2015-09,45.923423767089844,0,0,USD
2015-10,50.056304931640625,0.387387,0.387387,USD
2015-11,48.2545051574707,0,0,USD
2015-12,48.55855941772461,0,0,USD
2016-01,49.85360336303711,0,0,USD
2016-02,48.22072219848633,0.371622,0.371622,USD
2016-03,50.878379821777344,0,0,USD
2016-04,50.51801681518555,0.411036,0.411036,USD
2016-05,51.306304931640625,0,0,USD
2016-06,53.952701568603516,0,0,USD
2016-07,52.71396255493164,0,0,USD
2016-08,52.319820404052734,0.397523,0.397523,USD
2016-09,53.378379821777344,0,0,USD
2016-10,46.92567443847656,0.399775,0.399775,USD
2016-11,45.02252197265625,0,0,USD
2016-12,45.83333206176758,0,0,USD
2017-01,46.2950439453125,0,0,USD
2017-02,53.468467712402344,0.387387,0.387387,USD
2017-03,55.56306457519531,0,0,USD
2017-04,57.81531524658203,0,0,USD
2017-05,62.635135650634766,0.431306,0.431306,USD
2017-06,60.945945739746094,0,0,USD
2017-07,64.17792510986328,0,0,USD
2017-08,65.55180358886719,0.466216,0.466216,USD
2017-09,65.27027130126953,0,0,USD
2017-10,63.7950439453125,0,0,USD
2017-11,63.60360336303711,0.475225,0.475225,USD
2017-12,62.319820404052734,0,0,USD
2018-01,63.592342376708984,0,0,USD
2018-02,58.10810852050781,0.501126,0.501126,USD
2018-03,62.567569732666016,0,0,USD
2018-04,63.02927780151367,0,0,USD
2018-05,62.25225067138672,0.539414,0.539414,USD
2018-06,62.25225067138672,0,0,USD
2018-07,64.20044708251953,0,0,USD
2018-08,64.04279327392578,0.510135,0.510135,USD
2018-09,61.90315246582031,0,0,USD
2018-10,59.66216278076172,0,0,USD
2018-11,61.137386322021484,0.505631,0.505631,USD
2018-12,58.840091705322266,0,0,USD
2019-01,59.23423385620117,0,0,USD
2019-02,59.943695068359375,0.497748,0.497748,USD
2019-03,65,0,0,USD
2019-04,68.46846771240234,0,0,USD
2019-05,68.59233856201172,0.522523,0.522523,USD
2019-06,69.7860336303711,0,0,USD
2019-07,67.70270538330078,0,0,USD
2019-08,71.14865112304688,0.516892,0.516892,USD
2019-09,67.68018341064453,0,0,USD
2019-10,67.69144439697266,0.509009,0.509009,USD
2019-11,66.99324035644531,0,0,USD
2019-12,64.38063049316406,0,0,USD
2020-01,67.30855560302734,0,0,USD
2020-02,60.73198318481445,0.509009,0.509009,USD
2020-03,56.94819641113281,0,0,USD
2020-04,58.41216278076172,0,0,USD
2020-05,60.86711883544922,0.501126,0.501126,USD
2020-06,61.80180358886719,0,0,USD
2020-07,68.10810852050781,0,0,USD
2020-08,67.09459686279297,0.528153,0.528153,USD
2020-09,69.45945739746094,0,0,USD
2020-10,63.99774932861328,0.546171,0.546171,USD
2020-11,68.76126098632812,0,0,USD
2020-12,67.97297668457031,0,0,USD
2021-01,65.69819641113281,0,0,USD
2021-02,58.62612533569336,0.578829,0.578829,USD
2021-03,62.871620178222656,0,0,USD
2021-04,66.12612915039062,0,0,USD
2021-05,67.53378295898438,0.581081,0.581081,USD
2021-06,65.87837982177734,0,0,USD
2021-07,64.7860336303711,0,0,USD
2021-08,62.702701568603516,0.566441,0.566441,USD
2021-09,61.05855941772461,0,0,USD
2021-10,60.33783721923828,0,0,USD
2021-11,57.26351547241211,0.560811,0.560811,USD
2021-12,60.57432556152344,0,0,USD
2022-01,57.871620178222656,0,0,USD
2022-02,56.61035919189453,0.548423,0.548423,USD
2022-03,51.317569732666016,0,0,USD
2022-04,52.09459686279297,0,0,USD
2022-05,54.42567443847656,0.513514,0.513514,USD
2022-06,51.61035919189453,0,0,USD
2022-07,54.797298431396484,0,0,USD
2022-08,51.114864349365234,0.488739,0.488739,USD
2022-09,49.36936950683594,0,0,USD
2022-10,51.25,0,0,USD
2022-11,56.73423385620117,0.474099,0.474099,USD
2022-12,56.7004508972168,0,0,USD
2023-01,57.5450439453125,0,0,USD
2023-02,56.22747802734375,0.51464,0.51464,USD
2023-03,58.47972869873047,0,0,USD
2023-04,62.533782958984375,0,0,USD
2023-05,56.238739013671875,0.529279,0.529279,USD
2023-06,58.7049560546875,0,0,USD
2023-07,60.50675582885742,0,0,USD
2023-08,57.4549560546875,0.53491,0.53491,USD
2023-09,55.63063049316406,0,0,USD
2023-10,53.32207107543945,0,0,USD
2023-11,53.716217041015625,0.511261,0.511261,USD
2023-12,54.59459686279297,0,0,USD
2024-01,54.83108139038086,0,0,USD
2024-02,55.14639663696289,0.515766,0.515766,USD
2024-03,56.52027130126953,0,0,USD
2024-04,58.38964080810547,0,0,USD
2024-05,61.65540313720703,0.513514,0.513514,USD
2024-06,61.92567443847656,0,0,USD
2024-07,69.1441421508789,0,0,USD
2024-08,72.96171569824219,0.537162,0.537162,USD
2024-09,73.15315246582031,0,0,USD
2024-10,68.59233856201172,0,0,USD
2024-11,67.38739013671875,0.536036,0.536036,USD
2024-12,63.85135269165039,0,0,USD
2025-01,64.61711883544922,0,0,USD
2025-02,63.738739013671875,0.525901,0.525901,USD
2025-03,67.0608139038086,0,0,USD
2025-04,71.56531524658203,0,0,USD
2025-05,71.89189147949219,0.585586,0.585586,USD
2025-06,68.8851318359375,0,0,USD
2025-07,65.79955291748047,0,0,USD
2025-08,71.17117309570312,0.588964,0.588964,USD
2025-09,66.75675964355469,0,0,USD
2025-10,67.78153228759766,0,0,USD
2025-11,68.23197937011719,0.592342,0.592342,USD
2025-12,65.4000015258789,0,0,USD
2026-01,68.36000061035156,0,0,USD
2026-02,73.75,0.555,0.555,USD
2026-03,56.970001220703125,0,0,USD
2026-04,58.97999954223633,0,0,USD
2026-05,56.45000076293945,0.545,0.545,USD
2026-06,60.119998931884766,0,0,USD
2026-07,63.40999984741211,0,0,USD
2026-08,64.8499984741211,0.531,0.531,USD
2026-09,60.72999954223633,0,0,USD
