# Raw declared Daimler-Benz dividends as found, unadjusted. Read 2026-10-02. AR = Daimler-Benz Geschaeftsbericht / Annual Report of the financial year named.
# Copies used: AR 1985 to 1997 at bib.kuleuven.be/files/ebib/jaarverslagen/Daimler-Benz_<year>.pdf; AR 1979, 1981, 1984 via web.archive.org copies of group.mercedes-benz.com/dokumente/investoren/berichte/geschaeftsberichte/daimler-benz/daimler-ir-geschaeftsbericht-<year>.pdf;
#   AR 1990 via web.archive.org copy of the same path. AR 1982 and 1983 exist only as truncated archive captures (first 1 MB) and could not be opened.
financial_year,agm_date,dividend_dm,bonus_dm,per_share_par_dm,source
1976,,9.50,,50,AR 1985 p.127 table (columns 1976-1985)
1977,,9.00,,50,AR 1985 p.127 table
1978,,9.00,,50,AR 1985 p.127 table
1979,1980-07-02,10.00,,50,AR 1979 p.9 (agenda for 2.7.1980) and p.15 (proposal DM 10 instead of DM 9); AR 1985 p.127
1980,1981-07-01,10.00,1.00,50,AR 1985 p.127 ("10.- + 1.-" footnote dividend and bonus); AGM date AR 1981 p.71 and AR 1984 p.77
1981,1982-07-07,10.00,,50,AR 1981 p.5 (agenda 7.7.1982) and p.15 (DM 10 per DM 50 share)
1982,,10.50,1.00,50,AR 1985 p.127 table ("10.50 + 1.-"); AGM date not found
1983,,10.50,,50,AR 1985 p.127 table; AGM date not found
1984,1985-07-03,10.50,,50,AR 1984 p.6 (agenda 3.7.1985); AR 1985 Highlights p.2 (10.50)
1985,1986-07-02,12.00,2.50,50,AR 1985 p.5/7 (agenda 2.7.1986) and p.11 (increase from DM 10.50 to DM 12 plus bonus DM 2.50)
1986,1987-07-01,12.00,,50,AR 1986 (agenda 1.7.1987; proposal DM 12 per DM 50 share)
1987,1988-07-01,12.00,,50,AR 1987 (agenda 1.7.1988; DM 12 per DM 50 par value common share)
1988,1989-06-28,12.00,,50,AR 1988 (annual meeting 28.6.1989; DM 12 per ordinary DM 50 share)
1989,1990-07-04,12.00,,50,AR 1989 (annual meeting 4.7.1990; DM 12 per DM 50 share)
1990,1991-06-26,12.00,,50,AR 1990 p.108 ("Wieder 12 DM Dividende"; meeting 26.6.1991)
1991,1992-06-24,13.00,,50,AR 1991 (DM 13 per DM 50 share; meeting 24.6.1992)
1992,1993-05-26,13.00,,50,AR 1992 (dividend unchanged at DM 13; meeting 26.5.1993)
1993,1994-05-18,8.00,,50,AR 1993 (DM 8; meeting 18.5.1994)
1994,1995-05-24,11.00,,50,AR 1994 (DM 11; meeting 24.5.1995)
1995,1996-05-22,0.00,,50,AR 1995 p.? (no dividend for 1995); meeting 22.5.1996 per AR 1996
1996,1997-05-28,1.10,,5,AR 1996 (DM 1.10 per DM 5 par value share after the split of 1.7.1996); meeting 28.5.1997 per AR 1997
1997,1998-05-27,1.60,,5,AR 1997 (DM 1.60 per DM 5 share; meeting 27.5.1998)
1997,1998-05-27,20.00,,5,AR 1997 special distribution DM 20 per share (about DM 10.3 billion) with a capital increase of DM 7.4 billion; not used
