# Raw declared Disney (Walt Disney Productions) quarterly cash dividends per share, as printed, unadjusted by me. Fiscal year ends 30 September; quarter 1 = October to December.
# Source: archive.org items wdp-annual-report-1976 ... 1982 ("WDP Annual Report <year>.pdf"), table "Market price and dividend data" (printed adjusted for stock dividends up to the report date), read 2026-10-02.
fiscal_year,q1,q2,q3,q4,total,source
1975,0.03,0.03,0.03,0.03,0.12,report 1976 p.32 (also equity statement "Cash 12 cents per share")
1976,0.03,0.03,0.03,0.03,0.12,report 1976 p.32; report 1977 p.5
1977,0.03,0.04,0.04,0.04,0.15,report 1977 p.5; report 1978 p.29
1978,0.08,0.08,0.08,0.08,0.32,report 1978 p.29 and report 1983 text (the 1978 level of $0.32)
1979,0.12,0.12,0.12,0.12,0.48,report 1979 p.29 (faint) and report 1980 PDF p.37 quarterly table
1980,0.18,0.18,0.18,0.18,0.72,report 1980 PDF p.37 quarterly table (.18 each quarter); rate raised 12 to 18 cents on 20.11.1979 (report 1979); totals in reports 1981/1982
1981,0.25,0.25,0.25,0.25,1.00,report 1982 p.44 quarterly table (printed 1981 .25 each quarter)
1982,0.30,0.30,0.30,0.30,1.20,report 1982 p.44 (raised to $.30 by the board on 30.11.1981)
# Dates: Q1 FY1978 dividend: payable 6.1.1978 to holders of record 12.12.1977 (report 1977 p.5). Stock dividends (not cash): 3 % paid 5.2.1977 (record 22.12.1976), 1.5 % in FY1978, 3 % FY1976, 2 % FY1975.
