# Xstrata plc ordinary share dividends per share in GBP (pounds) for 2003 to 2012 (none were entered in data/manual/xstrata.csv), on the share basis of xstrata.csv (prices back-adjusted by investing.com for the rights issues of 2003, 2006 and 2009).
# Sources (all Xstrata's own documents, retrieved 2026-10-02 via web.archive.org copies of xstrata.com): amounts, payment dates and record dates from the annual reports 2003, 2005, 2006, 2007, 2009, 2010, the preliminary results 2003 to 2006 and 2012, the MIM rights issue announcement of 7 April 2003 (final 2002),
#   the dividend information letters of each October and May 2003 to 2010 and the Annual Report 2011 (financials). Raw amounts in raw-xstrata.csv. Dividends are declared and paid in US dollars; the sterling amount is the USD amount converted at the closing mid rate
#   seven days before the payment date (Xstrata's own rule, dividend letters); this file uses the Federal Reserve noon rate USD per GBP of that day (FRED DEXUSUK, last day with a value) as that rate.
# Share basis: series = raw price x F, F = 0.5066 from the 2003 rights issue (ex-rights about 6.5.2003) to the 2006 rights issue (ex-rights 30.10.2006): series / unadjusted Yahoo close = 0.5066 to 0.5067 on 2004-06-30, 07-30, 08-31 (xstrata.csv header) and I re-checked 2005-02-28 (0.508),
#   2006-05-31 (0.5067) and 2006-06-30 (0.5067) against archived Yahoo pages (finance.yahoo.com/q/hp?s=XTA.L, snapshots of 24.3.2005 and 5.7.2006). F = 0.5695 from the 2006 rights issue to the 2009 rights issue (18.3.2009): series 2007-01 13.428 / GBP 23.58, the market price of the ESOP share issue on 31.1.2007 (Annual Report 2006),
#   cross-check 0.5066 / 0.895 (company bonus factor 0.9 rounded, 0.895 implied by its restated dividends) = 0.566. F = 0.3361 before the 2003 rights issue = 0.5066 x 0.66344 (company bonus factor, Annual Report 2003). F = 1 after the 2009 rights issue (2010-09 to 2010-11 series equals Yahoo, xstrata.csv header).
#   Each dividend uses the F of its record date, as the company restates old dividends (e.g. 13 US cents of October 2006 becomes 11.6 after the rights issue; 0.5066 = 0.895 x 0.5660): the final 2002 (record 2.5.2003, before the issue; the new shares did not rank) uses 0.3361, the interim 2006 (paid 13.10.2006, before ex-rights 30.10.2006) 0.5066.
# Month: payment month. Xstrata's interim dividends were paid on 17.10.2003, 15.10.2004, 14.10.2005, 13.10.2006, 12.10.2007, 10.10.2008, 8.10.2010, 7.10.2011 and the finals in the second or third week of May. The payment date of the interim 2012 was not retrieved: October assumed.
# Not included: no dividend was paid in 2009 (final 2008 not declared, Annual Report 2008); no dividend in 2002; the final 2012 of 31.5 US cents was paid on 7.6.2013, after the last month of the series (2013-04).
# The dividend of 2003-05 (US cents 20) is on the pre-rights share count; the month-end price of 2003-05 is already on the post-rights basis.
month,dividend,note
2003-05,0.041389,final 2002; record 2.5.2003 before the rights issue (ex-rights about 6.5.2003); 20 US cents on pre-rights shares; 20.0 US cents; USD/GBP 1.6241 (FRED DEXUSUK 2003-05-16; seven days before payment 2003-05-23); GBP as then 0.12315; times F 0.3361
2003-10,0.020381,interim 2003; 6.7 US cents; USD/GBP 1.6654 (FRED DEXUSUK 2003-10-10; seven days before payment 2003-10-17); GBP as then 0.04023; times F 0.5066
2004-05,0.038344,final 2003; 13.3 US cents; USD/GBP 1.7572 (FRED DEXUSUK 2004-05-14; seven days before payment 2004-05-21); GBP as then 0.07569; times F 0.5066
2004-10,0.022597,interim 2004 (one third of 24 US cents; prelim 2004); 8.0 US cents; USD/GBP 1.7935 (FRED DEXUSUK 2004-10-08; seven days before payment 2004-10-15); GBP as then 0.04461; times F 0.5066
2005-05,0.043743,final 2004; 16.0 US cents; USD/GBP 1.853 (FRED DEXUSUK 2005-05-13; seven days before payment 2005-05-20); GBP as then 0.08635; times F 0.5066
2005-10,0.025907,interim 2005; 9.0 US cents; USD/GBP 1.7599 (FRED DEXUSUK 2005-10-07; seven days before payment 2005-10-14); GBP as then 0.05114; times F 0.5066
2006-05,0.066972,final 2005; 25.0 US cents; USD/GBP 1.8911 (FRED DEXUSUK 2006-05-12; seven days before payment 2006-05-19); GBP as then 0.13220; times F 0.5066
2006-10,0.035196,interim 2006; paid before the ex-rights date of 30.10.2006 (company restates it to 11.6); 13.0 US cents; USD/GBP 1.8712 (FRED DEXUSUK 2006-10-06; seven days before payment 2006-10-13); GBP as then 0.06947; times F 0.5066
2007-05,0.086178,final 2006; record 27.4.2007; 30.0 US cents; USD/GBP 1.9824 (FRED DEXUSUK 2007-05-11; seven days before payment 2007-05-18); GBP as then 0.15133; times F 0.5695
2007-10,0.044585,interim 2007; 16.0 US cents; USD/GBP 2.0436 (FRED DEXUSUK 2007-10-05; seven days before payment 2007-10-12); GBP as then 0.07829; times F 0.5695
2008-05,0.099363,final 2007; 34.0 US cents; USD/GBP 1.9486 (FRED DEXUSUK 2008-05-09; seven days before payment 2008-05-16); GBP as then 0.17448; times F 0.5695
2008-10,0.057781,interim 2008; 18.0 US cents; USD/GBP 1.774 (FRED DEXUSUK 2008-10-03; seven days before payment 2008-10-10); GBP as then 0.10147; times F 0.5695
2010-05,0.054278,final 2009; 8.0 US cents; USD/GBP 1.4739 (FRED DEXUSUK 2010-05-07; seven days before payment 2010-05-14); GBP as then 0.05428; times F 1.0000
2010-10,0.031588,interim 2010; 5.0 US cents; USD/GBP 1.5829 (FRED DEXUSUK 2010-10-01; seven days before payment 2010-10-08); GBP as then 0.03159; times F 1.0000
2011-05,0.121825,final 2010; 20.0 US cents; USD/GBP 1.6417 (FRED DEXUSUK 2011-05-06; seven days before payment 2011-05-13); GBP as then 0.12182; times F 1.0000
2011-10,0.083205,interim 2011; 13.0 US cents; USD/GBP 1.5624 (FRED DEXUSUK 2011-09-30; seven days before payment 2011-10-07); GBP as then 0.08321; times F 1.0000
2012-05,0.169460,final 2011; 27.0 US cents; USD/GBP 1.5933 (FRED DEXUSUK 2012-05-16; seven days before payment 2012-05-23); GBP as then 0.16946; times F 1.0000
2012-10,0.086784,interim 2012; payment date not retrieved; month assumed (all other interim dividends 2003 to 2011 were paid 7 to 17 October); 14.0 US cents; USD/GBP 1.6132 (FRED 2012-09-28; assumed 7 days before 5.10.2012); GBP as then 0.08678; times F 1.0000
